key,lexicons_count,lexicons
"0","1","app.ocho.plugin.manifest"
"1","2","app.ocho.plugin.manifest;com.fadeecho.status"
"2","1","com.fadeecho.status"
"3","1","com.fadeecho.status"
"4","1","com.fadeecho.status"
"name","76","a.bookmark.on.my.pds;app.atpaste.paste;app.basker.settings;app.gather.event;app.gather.group;app.gridsky.grid;app.gridsky.preferences;app.hyper-limit.bookmark.list;app.ocho.plugin.manifest;app.popsky.list;app.pst.player;app.raddle.community;app.rocksky.artist;app.skywatched.settings;app.sonasky.ref;app.tcg.card;app.yoten.activity.def;ar.cabildoabierto.data.dataset;ar.cabildoabierto.wiki.topicVersion;blog.pckt.publication;blue.badge.collection;blue.protopro.actor.profile;blue.zio.atfile.upload;com.atprofile.beta.profile;com.bibliome.bookshelf;com.habitat.docs;com.ruthub.kanban;com.welistskyblue.list.item;community.lexicon.calendar.event;community.lexicon.location.address;community.lexicon.location.hthree;community.lexicon.location.geo;community.lexicon.location.fsq;dev.fudgeu.experimental.atforumv1.forum.identity;dev.fudgeu.experimental.atforumv1.forum.group;dev.fudgeu.experimental.atforumv1.forum.category;dev.mikchan.atfs.bookmark;dev.skywell.file;exchange.recipe.collection;exchange.recipe.recipe;fail.tree.identity.claim;fyi.bluelinks.links;game.protonauts.player;guide.atproto.experimental.applicationCollection;inc.toronto.discover.beta.profile;ink.henry.annotate.trail;life.smol.resume;lol.tapapp.tap.doc;me.atpub.identity.service;net.anisota.feed.list;net.anisota.graph.list;network.cosmik.collection;network.doing.activity;network.slices.slice;org.atproto-nix.projects;org.devcon.event;org.scrapboard.list;pub.leaflet.publication;run.val.qbat.game.v1;sh.tangled.label.definition;sh.tangled.publicKey;sh.tangled.repo;sh.tangled.repo.artifact;social.clippr.feed.tag;social.popfeed.feed.list;social.slices.slice;systems.gaze.atfronter.fronter;test.example.counter;uk.atproto.bookmark.list;uk.ewancroft.site.info;win.tomo-x.atunits.unit;works.catalog.album;works.catalog.artist;works.catalog.nowPlaying;works.catalog.scrobble;works.catalog.track"
"tags","32","a.bookmark.on.my.pds;ai.syui.log;app.gather.event;app.gather.group;app.musicscrobbler.scrobble;app.popsky.list;app.popsky.review;app.raddle.community;best.akizuki.blahglegacy.post;blog.pckt.post;blue.protopro.job;blue.rito.feed.bookmark;cloud.soundsky.audio;com.crabdance.nandi.post;com.retrobrand.photo;com.shinolabs.pinksea.oekaki;com.skybemoreblue.intro.introduction;com.thinkhubtest.initiatives.initiative;com.whitewind.blog.entry;dev.fudgeu.experimental.atforumv1.feed.post;dev.pouch.bookmark;net.anisota.feed.list;net.anisota.feed.draft;net.anisota.feed.post;sky.write.on.pages;so.sprk.feed.story;social.atrena.block;social.clippr.feed.clip;social.popfeed.feed.list;social.popfeed.feed.review;space.aoisora.bookmark;us.delicio.bookmark"
"text","60","a.bookmark.on.my.pds;a.status.update;ai.syui.log;app.azsky.feed.longpost;app.dropanchor.checkin;app.flashes.feed.post;app.gridsky.draft;app.koda.feed.post.reply;app.koda.feed.post;app.popfeed.note;app.popsky.comment;app.popsky.post;app.purplespace.feed.post;app.skyart.comment;app.skyart.post;ar.cabildoabierto.feed.article;ar.com.cabildoabierto.topic;best.akizuki.blahglegacy.post;blog.pckt.publication;blue.linkat.board;business.snep.mood;chat.flock.experimental.message;cloud.soundsky.audio;club.symbio.urls;coffee.outof.beanPost;com.bsky-art-platform.art;com.example.foo.bar;com.example.ft.topic.post;com.example.test.esav;com.fujocoded.guestbook.submission;com.inkreaders.article.post;com.inkreaders.book.post;com.stroam.feed.post;com.thinkhubtest.initiatives.task;com.thinkhubtest.initiatives.comment;com.thinkhubtest.threads.post;com.welistskyblue.list.comment;community.lexicon.calendar.comment;dev.aran.test;exchange.recipe.collection;exchange.recipe.recipe;im.flushing.right.now;io.zzstoatzz.status.record;me.skyspace.aesthetics;meow.meow.meow.meow;net.anisota.feed.draft;net.anisota.feed.post;net.mmatt.right.now;party.whey.ft.topic.post;place.stream.chat.message;sc.nexus.feed.post;so.sprk.feed.post;social.atrena.block;social.grain.comment;social.popfeed.feed.post;social.popfeed.feed.note;social.popfeed.feed.comment;tools.atp.typing.test;uk.ewancroft.now;uk.skyblur.post"
"uri","66","a.bookmark.on.my.pds;ai.numinex.v2.data.post;app.custom.lolol;app.dropanchor.checkin;app.juttu.blogpost;app.koda.feed.post.reply;app.koda.feed.like;app.koda.feed.repost;app.koda.feed.replyvote;app.myclient.bookmark;app.raddle.communityMember;app.rocksky.like;app.rocksky.shout;app.skyart.like;ar.cabildoabierto.wiki.voteAccept;blog.pckt.post;blue.badge.collection;blue.flashes.actor.portfolio;blue.skymap.geo.map;blue.zio.bsky2tg.post;buzz.bookhive.buzz;club.stellz.evm.addressControl;com.atproto.label.defs;com.example.ft.topic.post;com.example.test.esav;com.protruth.feed.postLink;com.protruth.feed.post;com.skybemoreblue.intro.rejection;com.skybemoreblue.social.intro.rejection;com.welistskyblue.list.comment;com.welistskyblue.list.congrats;com.welistskyblue.list.like;community.lexicon.badge.award;community.lexicon.bookmark;community.lexicon.calendar.rsvp;community.lexicon.interaction.like;dev.at-studio.test.xrpc.collection;dev.indexx.echo.threadmute;events.smokesignal.calendar.rsvp;fyi.unravel.frontpage.comment;fyi.unravel.frontpage.vote;ink.henry.annotate.mark;jp.5leaf.sync.mastodon;li.plonk.comment;life.smol.installed;net.anisota.feed.repost;net.anisota.feed.like;net.hrkn.personas.bookmark;network.cosmik.collectionLink;party.whey.ft.topic.post;place.stream.livestream;pub.leaflet.document;so.sprk.feed.like;social.atexplore.verifiers;social.clippr.feed.clip;social.impro.managedList;space.aoisora.bookmark;systems.gaze.atfronter.fronter;tv.rizzler.feed.repost;uk.skyblur.post;user.bookmark.feed.public;works.catalog.album;works.catalog.artist;works.catalog.nowPlaying;works.catalog.scrobble;works.catalog.track"
"url","32","a.bookmark.on.my.pds;ai.hypgen.hypothesis;ai.numinex.v2.data.linkRecord;ai.syui.log;app.basker.links;app.hyper-limit.bookmark;app.juttu.blogpost;app.linkbio.link;app.linkbio.links;app.ocho.plugin.manifest;blog.pckt.post;blue.linkat.board;com.inkreaders.article.post;dev.pouch.bookmark;dev.starfall.rss.star;fo.at.links;fyi.bluelinks.links;fyi.unravel.frontpage.post;jp.5leaf.sync.mastodon;me.atpub.identity.service;me.skyspace.aesthetics;network.cosmik.card;org.bluepocket.v1.archive;org.bluepocket.v1.link;org.bluepocket.v1.save;org.scrapboard.listitem;place.stream.livestream;site.freakybob.visited;social.clippr.feed.clip;uk.ewancroft.site.info;us.delicio.bookmark;xyz.statusphere.linkRating"
"createdAt","337","a.status.update;ai.hypgen.hypothesis;ai.numinex.v2.data.linkRecord;ai.numinex.v2.data.post;ai.syui.log;app.atpaste.paste;app.azsky.feed.longpost;app.basker.links;app.basker.notes;app.basker.settings;app.basker.stories;app.basker.widgets;app.bikesky.communityBot.commandPrompt;app.custom.lolol;app.dropanchor.checkin;app.flashes.feed.post;app.gainforest.community;app.gainforest.profile;app.gather.comment;app.gather.event;app.gather.group;app.honks.feed.honk;app.hyper-limit.bookmark.list;app.hyper-limit.bookmark;app.koda.feed.post.reply;app.koda.feed.post;app.koda.feed.blog;app.koda.feed.like;app.koda.feed.repost;app.koda.feed.replyvote;app.koda.graph.follow;app.lele.flight;app.linkbio.link;app.linkbio.links;app.linkbio.notes;app.linkbio.profileCustomization;app.linkbio.profileNote;app.linkbio.settings;app.linkbio.stories;app.myclient.bookmark;app.navyfragen.message;app.ocho.edu.verification;app.ocho.plugin.manifest;app.ocho.plugin.service;app.popfeed.note;app.popsky.comment;app.popsky.like;app.popsky.list;app.popsky.post;app.popsky.profile;app.popsky.review;app.purplespace.feed.post;app.raddle.community;app.rocksky.album;app.rocksky.artist;app.rocksky.like;app.rocksky.scrobble;app.rocksky.shout;app.rocksky.song;app.shadowsky.preferences;app.skyart.comment;app.skyart.follow;app.skyart.like;app.skyart.post;app.skyart.preferences;app.skytube.graph.favorite;app.skytube.video.save;app.sonasky.ref;app.tcg.card;app.yoten.activity.def;app.yoten.actor.profile;app.yoten.feed.resource;app.yoten.feed.reaction;app.yoten.feed.session;app.yoten.feed.comment;app.yoten.graph.follow;ar.cabildoabierto.actor.caProfile;ar.cabildoabierto.data.dataset;ar.cabildoabierto.feed.article;ar.cabildoabierto.wiki.voteAccept;ar.cabildoabierto.wiki.topicVersion;ar.com.cabildoabierto.topic;ar.com.cabildoabierto.profile;at.atproto.supporter.badge;beauty.cybernetic.trustcow.transaction;blog.pckt.publication;blue.2048.game;blue.2048.player.profile;blue.feeds.hashtag.follow;blue.flashes.actor.mediaFilter;blue.flashes.actor.portfolio;blue.flashes.actor.profile;blue.flashes.feed.post;blue.pfp.unmodifiedPfp;blue.protopro.job;blue.q-p.network.members;blue.rito.feed.bookmark;blue.skymap.geo.map;blue.zio.atfile.upload;business.snep.mood;buzz.bookhive.book;buzz.bookhive.buzz;chat.flock.experimental.customview;chat.flock.experimental.message;cloud.soundsky.audio;club.symbio.urls;coffee.outof.beanPost;com.alephcubed.starmark.review;com.atprofile.beta.profile;com.basker.stories;com.bibliome.bookshelf;com.bibliome.comment;com.bsky-art-platform.art;com.cityboundforest.blog;com.crabdance.nandi.post;com.example.atpwg.publicKey;com.example.ft.topic.post;com.example.ft.topic.reaction;com.example.ft.user.profile;com.example.lexicons;com.example.test.esav;com.fujocoded.guestbook.submission;com.gemmy.favorite.token;com.inkreaders.article.post;com.inkreaders.book.post;com.inkreaders.exercise.post;com.lukeacl.development.blobs;com.marketplace.listing;com.protruth.feed.postLink;com.protruth.feed.post;com.retrobrand.photo;com.ruthub.entry;com.shadowsky.column;com.shadowsky.columns;com.shadowsky.draft;com.shadowsky.preferences;com.shinolabs.pinksea.oekaki;com.skybemoreblue.intro.rejection;com.skybemoreblue.intro.request;com.skybemoreblue.intro.introduction;com.skybemoreblue.social.intro.rejection;com.stroam.feed.post;com.thinkhubtest.initiatives.initiative;com.thinkhubtest.initiatives.task;com.thinkhubtest.initiatives.comment;com.thinkhubtest.threads.post;com.welistskyblue.list.comment;com.welistskyblue.list.congrats;com.welistskyblue.list.like;com.welistskyblue.list.item;com.welistskyblue.list.all;com.whitewind.blog.entry;com.whtwnd.blog.entry;community.graph.follow;community.lexicon.atpublish.mdpost;community.lexicon.bookmark;community.lexicon.bookmarks.bookmark;community.lexicon.calendar.rsvp;community.lexicon.calendar.comment;community.lexicon.calendar.event;community.lexicon.interaction.like;dev.aran.test;dev.at-studio.test.xrpc.request;dev.at-studio.test.xrpc.collection;dev.baileytownsend.health.calories;dev.baileytownsend.health.rings;dev.baileytownsend.health.steps;dev.baileytownsend.health.workout;dev.eagraf.note;dev.fudgeu.experimental.atforumv1.feed.post;dev.indexx.echo.threadmute;dev.pouch.bookmark;dev.skywell.file;dev.starfall.rss.star;exchange.recipe.collection;exchange.recipe.profile;exchange.recipe.recipe;fail.tree.identity.claim;fail.tree.team.membership;fail.tree.team.profile;fm.teal.alpha.actor.profileStatus;fo.at.links;fyi.bluelinks.links;fyi.unravel.frontpage.comment;fyi.unravel.frontpage.post;fyi.unravel.frontpage.vote;im.flushing.right.now;inc.toronto.discover.beta.profile;ink.henry.annotate.trail;ink.henry.annotate.mark;io.zzstoatzz.cdn.image;io.zzstoatzz.status.record;is.dame.now;is.dame.s.iphone.okay;is.sherman.dev.article;li.plonk.comment;li.plonk.paste;link.pastesphere.snippet;local.task.heartbeat;me.atpub.identity.claim;me.atpub.identity.service;me.ngerakines.test;me.skyspace.aesthetics;me.skyspace.content;moe.hayden.blogi.actor.profile;moe.karashiiro.kpaste.paste;my.skylights.rel;my.test.blob;net.anisota.beta.game.dailyRewards;net.anisota.beta.game.specimen;net.anisota.beta.game.pack;net.anisota.beta.game.collection;net.anisota.beta.game.session;net.anisota.beta.game.progress;net.anisota.beta.game.log;net.anisota.beta.game.inventory;net.anisota.feed.list;net.anisota.feed.draft;net.anisota.feed.listItem;net.anisota.feed.repost;net.anisota.feed.post;net.anisota.feed.like;net.anisota.game.inventory;net.anisota.graph.list;net.anisota.graph.mute;net.anisota.settings;net.dracoblue.poing;net.hrkn.personas.bookmark;net.mmatt.right.now;net.nornoe.avatarArchive;network.cosmik.card;network.cosmik.collection;network.cosmik.collectionLink;network.doing.activity;network.slices.actor.profile;network.slices.lexicon;network.slices.slice;network.slices.waitlist.invite;network.slices.waitlist.request;org.bluepocket.v1.archive;org.bluepocket.v1.link;org.bluepocket.v1.save;org.impactindexer.status;org.owdproject.application.windows;org.scrapboard.list;org.scrapboard.listitem;org.xcvr.feed.channel;party.whey.ft.topic.post;party.whey.ft.topic.reaction;party.whey.ft.forum.definition;pet.nel.testrecord;place.stream.chat.message;place.stream.default.metadata;place.stream.key;place.stream.livestream;place.stream.metadata.configuration;pub.leaflet.comment;run.val.qbat.game.v1;sc.nexus.feed.post;self.tanglifications.log;sh.tangled.feed.reaction;sh.tangled.feed.star;sh.tangled.graph.follow;sh.tangled.knot.member;sh.tangled.knot;sh.tangled.label.definition;sh.tangled.publicKey;sh.tangled.repo;sh.tangled.repo.artifact;sh.tangled.repo.collaborator;sh.tangled.repo.issue;sh.tangled.repo.pull.comment;sh.tangled.repo.issue.comment;sh.tangled.repo.pull;sh.tangled.spindle;sh.tangled.spindle.member;sh.tangled.string;so.sprk.feed.story;so.sprk.feed.post;so.sprk.feed.audio;so.sprk.feed.like;so.sprk.graph.follow;social.atexplore.verifiers;social.atrena.block;social.bucket.can.mapping;social.clippr.actor.profile;social.clippr.feed.clip;social.clippr.feed.tag;social.grain.comment;social.grain.favorite;social.grain.gallery;social.grain.gallery.item;social.grain.graph.follow;social.grain.photo.exif;social.grain.photo;social.impro.endorsement;social.impro.managedList;social.impro.nodeRegistration;social.pinksky.app.collection;social.pinksky.app.preference;social.pipup.blog.entry;social.popfeed.actor.profile;social.popfeed.feed.list;social.popfeed.feed.review;social.popfeed.feed.post;social.popfeed.feed.note;social.popfeed.feed.like;social.popfeed.feed.comment;social.skyfi.cert.client;social.skyfi.cert.root;social.skyfi.x509;social.slices.actor.profile;social.slices.lexicon;social.slices.slice;space.aoisora.bookmark;space.essem.file.dir;st.snowpo.post;stream.thought.blip;stream.thought.journal.day;stream.thought.journal.month;stream.thought.journal.year;stream.thought.journal;stream.thought.reasoning;stream.thought.tool.call;test.example.counter;tv.rizzler.feed.repost;tv.rizzler.graph.follow;uk.ewancroft.now;uk.ewancroft.snake.score;uk.skyblur.post;us.delicio.bookmark;user.bookmark.feed.public;xyz.flatshcards.stack;xyz.hypersphere.status;xyz.statuscity.status;xyz.statusphere.linkRating;xyz.statusphere.status"
"critique","1","ai.hypgen.hypothesis"
"feasibility","1","ai.hypgen.hypothesis"
"hypothesis","1","ai.hypgen.hypothesis"
"id","37","ai.hypgen.hypothesis;app.basker.stories;app.gainforest.community;app.gridsky.draft;app.linkbio.links;app.linkbio.notes;app.linkbio.profileCustomization;app.linkbio.stories;app.netlify.aniblue.status;app.ocho.plugin.manifest;app.ocho.state.id;app.pst.structures;ar.cabildoabierto.wiki.topicVersion;ar.com.cabildoabierto.topic;blue.zio.atfile.upload;chat.roomy.01JPNX7AA9BSM6TY2GWW1TR5V7.catalog;com.atproto.lexicon.schema;com.basker.stories;com.inkreaders.exercise.post;com.ruthub.entry;com.shadowsky.column;com.shadowsky.columns;com.shadowsky.draft;com.thinkhubtest.initiatives.task;community.lexicon.location.hthree;community.lexicon.location.geo;community.lexicon.location.fsq;fyi.bluelinks.links;jp.5leaf.sync.mastodon;net.anisota.beta.game.specimen;org.owdproject.application.windows;social.pinksky.app.collection;space.roomy.stream.dev;test.example.counter;works.catalog.album;works.catalog.artist;works.catalog.track"
"impact","1","ai.hypgen.hypothesis"
"novelty","1","ai.hypgen.hypothesis"
"subgraphId","1","ai.hypgen.hypothesis"
"summary","3","ai.hypgen.hypothesis;app.hyper-limit.bookmark;com.thinkhubtest.initiatives.initiative"
"title","88","ai.hypgen.hypothesis;ai.numinex.v2.data.linkRecord;ai.syui.log;app.basker.links;app.basker.widgets;app.gainforest.community;app.gather.event;app.hyper-limit.bookmark;app.koda.feed.blog;app.linkbio.links;app.linkbio.profileNote;app.netlify.aniblue.status;app.popfeed.note;app.popsky.post;app.rocksky.album;app.rocksky.scrobble;app.rocksky.song;app.yoten.feed.resource;app.yoten.feed.session;ar.cabildoabierto.feed.article;best.akizuki.blahglegacy.post;blog.pckt.post;blue.cerulea.video.video;blue.protopro.job;blue.rito.feed.bookmark;blue.skymap.geo.map;buzz.bookhive.book;cloud.soundsky.audio;club.symbio.urls;com.atproto.lexicon.schema;com.bibliome.book;com.cityboundforest.blog;com.crabdance.nandi.post;com.fujocoded.guestbook.book;com.inkreaders.article.post;com.inkreaders.book.post;com.inkreaders.exercise.post;com.marketplace.listing;com.protruth.feed.post;com.retrobrand.photo;com.ruthub.entry;com.ruthub.item;com.shadowsky.column;com.shadowsky.columns;com.shadowsky.draft;com.thinkhubtest.initiatives.initiative;com.thinkhubtest.initiatives.task;com.thinkhubtest.threads.post;com.whitewind.blog.entry;com.whtwnd.blog.entry;community.lexicon.atpublish.mdpost;dev.fudgeu.experimental.atforumv1.feed.post;dev.indexx.papertrail.bookDefs;dev.starfall.rss.star;fyi.unravel.frontpage.post;industries.geesawra.website;ink.henry.annotate.mark;li.plonk.paste;link.pastesphere.snippet;moe.karashiiro.kpaste.paste;network.cosmik.card;one.atpage.page;org.bluepocket.v1.archive;org.bluepocket.v1.link;org.bluepocket.v1.save;org.devcon.event;org.xcvr.feed.channel;place.stream.livestream;pub.leaflet.document;sh.tangled.repo.issue;sh.tangled.repo.pull;sky.write.on.pages;so.sprk.feed.audio;social.atrena.block;social.clippr.feed.clip;social.grain.gallery;social.pipup.blog.entry;social.popfeed.feed.listItem;social.popfeed.feed.post;social.popfeed.feed.note;tools.smokesignal.blahg.content.post;us.delicio.bookmark;works.catalog.album;works.catalog.nowPlaying;works.catalog.scrobble;works.catalog.track;xyz.jeroba.tags.tag;xyz.statusphere.pomodoroSession"
"urlId","1","ai.hypgen.hypothesis"
"contentSnapshot","1","ai.numinex.v2.data.linkRecord"
"description","76","ai.numinex.v2.data.linkRecord;app.atpaste.paste;app.gainforest.profile;app.gather.event;app.gather.group;app.hyper-limit.bookmark;app.linkbio.link;app.linkbio.links;app.popsky.list;app.popsky.listItem;app.popsky.profile;app.raddle.community;app.sonasky.ref;app.yoten.activity.def;app.yoten.actor.profile;app.yoten.feed.resource;app.yoten.feed.session;ar.cabildoabierto.data.dataset;best.akizuki.blahglegacy.post;blog.pckt.publication;blue.badge.collection;blue.protopro.job;blue.skymap.geo.map;com.bibliome.bookshelf;com.marketplace.listing;com.protruth.feed.post;com.retrobrand.photo;com.ruthub.item;com.thinkhubtest.initiatives.initiative;com.thinkhubtest.initiatives.task;community.lexicon.calendar.event;community.lexicon.location.hthree;community.lexicon.location.geo;community.lexicon.location.fsq;dev.at-studio.test.xrpc.request;dev.fudgeu.experimental.atforumv1.forum.identity;dev.fudgeu.experimental.atforumv1.forum.group;dev.indexx.papertrail.bookDefs;fm.teal.alpha.actor.profile;fyi.bluelinks.links;life.smol.resume;link.pastesphere.snippet;net.anisota.beta.game.specimen;net.anisota.beta.game.collection;net.anisota.beta.game.inventory;net.anisota.feed.list;net.anisota.graph.list;network.cosmik.card;network.doing.activity;network.slices.actor.profile;one.atpage.page;org.atproto-nix.projects;org.devcon.event;org.impactindexer.status;org.scrapboard.list;party.whey.ft.forum.definition;pub.leaflet.document;pub.leaflet.publication;sh.tangled.actor.profile;sh.tangled.repo;sh.tangled.string;so.sprk.actor.profile;social.atrena.block;social.clippr.actor.profile;social.clippr.feed.clip;social.clippr.feed.tag;social.grain.actor.profile;social.grain.gallery;social.popfeed.actor.profile;social.popfeed.feed.list;social.slices.actor.profile;tools.smokesignal.blahg.content.post;uk.ewancroft.site.info;uk.skyblur.preference;us.delicio.bookmark;xyz.jeroba.tags.tag"
"snapshotExtractedAt","1","ai.numinex.v2.data.linkRecord"
"content","35","ai.numinex.v2.data.post;app.atpaste.paste;app.basker.notes;app.basker.stories;app.gather.comment;app.linkbio.notes;app.linkbio.profileNote;app.linkbio.stories;com.atprofile.beta.profile;com.basker.stories;com.bibliome.comment;com.cityboundforest.blog;com.crabdance.nandi.post;com.ruthub.entry;com.ruthub.kanban;com.shadowsky.draft;com.whitewind.blog.entry;com.whtwnd.blog.entry;dev.fudgeu.experimental.atforumv1.feed.post;dev.starfall.rss.star;fyi.unravel.frontpage.comment;industries.geesawra.website;li.plonk.comment;moe.karashiiro.kpaste.paste;network.cosmik.card;sky.write.on.pages;social.atrena.block;social.pipup.blog.entry;st.snowpo.post;stream.thought.blip;stream.thought.journal.day;stream.thought.journal.month;stream.thought.journal.year;stream.thought.journal;tools.smokesignal.blahg.content.post"
"generationMetadata","1","ai.numinex.v2.data.post"
"mode","3","ai.numinex.v2.data.post;community.lexicon.calendar.event;tools.atp.typing.test"
"reply","6","ai.numinex.v2.data.post;com.example.ft.topic.post;com.example.test.esav;net.anisota.settings;party.whey.ft.topic.post;pub.leaflet.comment"
"contextVersion","1","ai.numinex.v2.data.post"
"generationIndex","1","ai.numinex.v2.data.post"
"inferenceTimeMs","1","ai.numinex.v2.data.post"
"model","4","ai.numinex.v2.data.post;is.dame.s.iphone.okay;org.owdproject.application.windows;social.grain.photo.exif"
"openrouter","1","ai.numinex.v2.data.post"
"systemPromptUri","1","ai.numinex.v2.data.post"
"triggerPostUri","1","ai.numinex.v2.data.post"
"userPromptUri","1","ai.numinex.v2.data.post"
"parent","9","ai.numinex.v2.data.post;app.skyart.comment;buzz.bookhive.buzz;com.example.ft.topic.post;com.example.test.esav;fyi.unravel.frontpage.comment;party.whey.ft.topic.post;pub.leaflet.comment;space.essem.file.dir"
"root","8","ai.numinex.v2.data.post;app.gather.comment;app.koda.feed.post.reply;com.example.ft.topic.post;com.example.test.esav;dev.mikchan.atfs.bookmark;jp.5leaf.sync.mastodon;party.whey.ft.topic.post"
"provider","1","ai.numinex.v2.data.post"
"reasoningContent","1","ai.numinex.v2.data.post"
"cid","49","ai.numinex.v2.data.post;app.custom.lolol;app.dropanchor.checkin;app.juttu.blogpost;app.koda.feed.post.reply;app.koda.feed.like;app.koda.feed.repost;app.myclient.bookmark;app.rocksky.like;app.rocksky.shout;app.skyart.like;ar.cabildoabierto.wiki.voteAccept;blog.pckt.post;blue.badge.collection;blue.flashes.actor.portfolio;blue.skymap.geo.map;blue.zio.bsky2tg.post;buzz.bookhive.buzz;com.example.ft.topic.post;com.example.test.esav;com.lfs-pds.pointer;com.protruth.feed.postLink;com.protruth.feed.post;com.skybemoreblue.intro.rejection;com.skybemoreblue.social.intro.rejection;com.welistskyblue.list.comment;com.welistskyblue.list.congrats;com.welistskyblue.list.like;community.lexicon.badge.award;community.lexicon.bookmark;community.lexicon.interaction.like;dev.at-studio.test.xrpc.collection;events.smokesignal.calendar.rsvp;fyi.unravel.frontpage.comment;fyi.unravel.frontpage.vote;jp.5leaf.sync.mastodon;li.plonk.comment;net.anisota.feed.repost;net.anisota.feed.like;net.hrkn.personas.bookmark;network.cosmik.collectionLink;party.whey.ft.topic.post;place.stream.livestream;pub.leaflet.document;so.sprk.feed.like;social.bucket.can.mapping;social.clippr.feed.clip;space.aoisora.bookmark;tv.rizzler.feed.repost"
"author","14","ai.syui.log;app.gather.comment;app.yoten.feed.resource;app.yoten.feed.session;com.bibliome.book;com.thinkhubtest.initiatives.initiative;com.thinkhubtest.initiatives.task;com.thinkhubtest.initiatives.comment;com.thinkhubtest.threads.post;community.lexicon.calendar.comment;dev.starfall.rss.star;net.nornoe.avatarArchive;pub.leaflet.document;uk.ewancroft.site.info"
"post","6","ai.syui.log;app.bikesky.communityBot.commandPrompt;club.feeed.submission;fyi.unravel.frontpage.comment;li.plonk.comment;place.stream.livestream"
"type","22","ai.syui.log;app.basker.widgets;app.ocho.plugin.assets;app.tcg.card;app.yoten.feed.resource;app.yoten.feed.session;com.atproto.lexicon.schema;com.inkreaders.exercise.post;com.shadowsky.column;com.shadowsky.columns;community.lexicon.location.hthree;community.lexicon.location.geo;community.lexicon.location.fsq;dev.at-studio.test.xrpc.request;life.smol.tipJar;link.pastesphere.snippet;me.atpub.identity.service;my.skylights.listItem;network.cosmik.card;sh.tangled.label.definition;social.atrena.block;uk.ewancroft.site.info"
"avatar","8","ai.syui.log;blue.pfp.unmodifiedPfp;fm.teal.alpha.actor.profile;network.slices.actor.profile;party.whey.ft.forum.definition;so.sprk.actor.profile;social.clippr.actor.profile;social.grain.actor.profile"
"did","11","ai.syui.log;app.pst.structures;blue.badge.collection;com.lukeacl.bot.animal.assignment;com.protruth.feed.post;com.thinkhubtest.initiatives.task;community.lexicon.badge.award;dev.at-studio.test.xrpc.request;me.atpub.identity.claim;net.nornoe.avatarArchive;network.slices.waitlist.invite"
"displayName","14","ai.syui.log;app.popsky.profile;app.yoten.actor.profile;fm.teal.alpha.actor.profile;moe.hayden.blogi.actor.profile;network.slices.actor.profile;org.impactindexer.status;org.xcvr.actor.profile;party.whey.ft.forum.definition;so.sprk.actor.profile;social.clippr.actor.profile;social.grain.actor.profile;social.popfeed.actor.profile;social.slices.actor.profile"
"handle","4","ai.syui.log;com.protruth.feed.post;com.thinkhubtest.initiatives.task;net.nornoe.avatarArchive"
"date","3","ai.syui.log;app.yoten.feed.session;com.fadeecho.loggedIn"
"language","4","ai.syui.log;app.atpaste.paste;com.inkreaders.exercise.post;moe.karashiiro.kpaste.paste"
"slug","7","ai.syui.log;app.gather.group;app.ocho.plugin.manifest;is.sherman.dev.article;sky.write.on.pages;social.pinksky.app.collection;social.pinksky.app.preference"
"revisions","1","app.atpaste.paste"
"updatedAt","53","app.atpaste.paste;app.basker.links;app.basker.notes;app.basker.settings;app.basker.stories;app.basker.widgets;app.gainforest.community;app.gainforest.profile;app.hyper-limit.bookmark;app.linkbio.links;app.linkbio.notes;app.linkbio.profileCustomization;app.linkbio.settings;app.linkbio.stories;app.ocho.plugin.assets;app.shadowsky.preferences;best.akizuki.blahglegacy.post;blog.pckt.post;blog.pckt.publication;blue.2048.game;blue.2048.player.profile;blue.protopro.actor.profile;blue.protopro.job;com.crabdance.nandi.post;com.gemmy.actor.favoriteToken;com.lfs-pds.pointer;com.ruthub.entry;com.ruthub.kanban;com.shadowsky.column;com.shadowsky.columns;com.shadowsky.draft;com.shadowsky.preferences;com.skybemoreblue.intro.introduction;com.thinkhubtest.initiatives.task;dev.pouch.bookmark;exchange.recipe.profile;exchange.recipe.recipe;fm.teal.alpha.actor.profileStatus;inc.toronto.discover.beta.profile;lol.tapapp.tap.doc;moe.karashiiro.kpaste.paste;my.skylights.rel;net.anisota.beta.game.session;net.anisota.feed.draft;net.anisota.settings;network.cosmik.collection;network.doing.activity;org.impactindexer.status;sky.write.on.pages;social.bucket.can.mapping;social.grain.gallery;social.pipup.blog.entry;test.example.counter"
"$type","83","app.atpaste.paste;app.bikesky.communityBot.commandPrompt;app.dropanchor.checkin;app.flashes.feed.post;app.ocho.plugin.assets;app.ocho.plugin.manifest;app.rocksky.album;app.rocksky.artist;app.rocksky.scrobble;app.rocksky.song;app.skyart.post;app.skyart.preferences;app.yoten.feed.session;ar.cabildoabierto.data.dataset;ar.cabildoabierto.feed.article;ar.cabildoabierto.wiki.topicVersion;ar.com.cabildoabierto.topic;best.akizuki.blahglegacy.post;blog.pckt.post;blog.pckt.publication;blue.cerulea.video.video;blue.pfp.unmodifiedPfp;blue.zio.atfile.upload;buzz.bookhive.book;chat.roomy.v0.videos;chat.roomy.v0.images;cloud.soundsky.audio;com.atprofile.beta.profile;com.bsky-art-platform.art;com.example.test.esav;com.imlunahey.pdf;com.lukeacl.development.blobs;com.marketplace.listing;com.protruth.feed.postLink;com.protruth.feed.post;com.retrobrand.photo;com.shinolabs.pinksea.oekaki;community.lexicon.badge.award;community.lexicon.calendar.rsvp;dev.indexx.papertrail.bookDefs;dev.mikchan.atfs.data;dev.skywell.file;exchange.recipe.recipe;fi.jaennaet.test;fm.teal.alpha.actor.profile;fyi.bluelinks.links;industries.geesawra.website;lol.tapapp.tap.doc;moe.karashiiro.kpaste.paste;my.skylights.listItem;my.test.blob;net.anisota.feed.post;net.anisota.game.inventory;net.hrkn.personas.bookmark;net.nornoe.avatarArchive;network.cosmik.card;network.doing.activity;network.slices.actor.profile;one.two.three;party.whey.ft.forum.definition;place.stream.livestream;pub.leaflet.document;sc.nexus.feed.post;sh.tangled.repo.artifact;so.sprk.actor.profile;so.sprk.feed.story;so.sprk.feed.post;so.sprk.feed.audio;social.atrena.block;social.clippr.actor.profile;social.clippr.feed.clip;social.grain.actor.profile;social.grain.gallery;social.grain.photo;social.pipup.blog.entry;space.roomy.image;st.snowpo.post;test.atproto.blobTest;tools.atp.typing.test;tools.smokesignal.blahg.content.post;works.catalog.album;works.catalog.artist;works.catalog.track"
"ref","61","app.atpaste.paste;app.flashes.feed.post;app.ocho.plugin.assets;app.ocho.plugin.manifest;app.rocksky.album;app.rocksky.artist;app.rocksky.scrobble;app.rocksky.song;app.skyart.post;app.skyart.preferences;ar.cabildoabierto.data.dataset;ar.cabildoabierto.feed.article;ar.com.cabildoabierto.topic;best.akizuki.blahglegacy.post;blog.pckt.post;blog.pckt.publication;blue.cerulea.video.video;blue.pfp.unmodifiedPfp;blue.zio.atfile.upload;buzz.bookhive.book;chat.roomy.v0.videos;chat.roomy.v0.images;cloud.soundsky.audio;com.bsky-art-platform.art;com.imlunahey.pdf;com.lukeacl.development.blobs;com.marketplace.listing;com.retrobrand.photo;com.shinolabs.pinksea.oekaki;dev.indexx.papertrail.bookDefs;dev.mikchan.atfs.data;dev.skywell.file;exchange.recipe.recipe;fi.jaennaet.test;fm.teal.alpha.actor.profile;industries.geesawra.website;lol.tapapp.tap.doc;moe.karashiiro.kpaste.paste;my.skylights.listItem;my.skylights.rel;my.test.blob;net.anisota.feed.post;net.nornoe.avatarArchive;network.doing.activity;network.slices.actor.profile;one.two.three;party.whey.ft.forum.definition;place.stream.livestream;sc.nexus.feed.post;sh.tangled.repo.artifact;so.sprk.actor.profile;so.sprk.feed.story;so.sprk.feed.post;so.sprk.feed.audio;social.clippr.actor.profile;social.grain.actor.profile;social.grain.photo;space.roomy.image;st.snowpo.post;test.atproto.blobTest;tools.smokesignal.blahg.content.post"
"mimeType","60","app.atpaste.paste;app.flashes.feed.post;app.ocho.plugin.assets;app.ocho.plugin.manifest;app.rocksky.album;app.rocksky.artist;app.rocksky.scrobble;app.rocksky.song;app.skyart.post;app.skyart.preferences;ar.cabildoabierto.data.dataset;ar.cabildoabierto.feed.article;ar.com.cabildoabierto.topic;best.akizuki.blahglegacy.post;blog.pckt.post;blog.pckt.publication;blue.cerulea.video.video;blue.pfp.unmodifiedPfp;blue.zio.atfile.upload;buzz.bookhive.book;chat.roomy.v0.videos;chat.roomy.v0.images;cloud.soundsky.audio;com.bsky-art-platform.art;com.imlunahey.pdf;com.lukeacl.development.blobs;com.marketplace.listing;com.retrobrand.photo;com.shinolabs.pinksea.oekaki;dev.indexx.papertrail.bookDefs;dev.mikchan.atfs.data;dev.skywell.file;exchange.recipe.recipe;fi.jaennaet.test;fm.teal.alpha.actor.profile;industries.geesawra.website;lol.tapapp.tap.doc;moe.karashiiro.kpaste.paste;my.test.blob;net.anisota.feed.post;net.nornoe.avatarArchive;network.doing.activity;network.slices.actor.profile;one.two.three;party.whey.ft.forum.definition;place.stream.livestream;sc.nexus.feed.post;sh.tangled.repo.artifact;so.sprk.actor.profile;so.sprk.feed.story;so.sprk.feed.post;so.sprk.feed.audio;social.bucket.can.mapping;social.clippr.actor.profile;social.grain.actor.profile;social.grain.photo;space.roomy.image;st.snowpo.post;test.atproto.blobTest;tools.smokesignal.blahg.content.post"
"size","63","app.atpaste.paste;app.flashes.feed.post;app.ocho.plugin.assets;app.ocho.plugin.manifest;app.rocksky.album;app.rocksky.artist;app.rocksky.scrobble;app.rocksky.song;app.skyart.post;app.skyart.preferences;ar.cabildoabierto.data.dataset;ar.cabildoabierto.feed.article;ar.com.cabildoabierto.topic;best.akizuki.blahglegacy.post;blog.pckt.post;blog.pckt.publication;blue.cerulea.video.video;blue.pfp.unmodifiedPfp;blue.zio.atfile.upload;buzz.bookhive.book;chat.roomy.v0.videos;chat.roomy.v0.images;cloud.soundsky.audio;com.bsky-art-platform.art;com.imlunahey.pdf;com.lfs-pds.pointer;com.lukeacl.development.blobs;com.marketplace.listing;com.retrobrand.photo;com.shinolabs.pinksea.oekaki;dev.indexx.papertrail.bookDefs;dev.mikchan.atfs.data;dev.skywell.file;exchange.recipe.recipe;fi.jaennaet.test;fm.teal.alpha.actor.profile;industries.geesawra.website;io.zzstoatzz.cdn.image;lol.tapapp.tap.doc;moe.karashiiro.kpaste.paste;my.test.blob;net.anisota.feed.post;net.nornoe.avatarArchive;network.doing.activity;network.slices.actor.profile;one.two.three;party.whey.ft.forum.definition;pet.nkp.file;place.stream.livestream;sc.nexus.feed.post;sh.tangled.repo.artifact;so.sprk.actor.profile;so.sprk.feed.story;so.sprk.feed.post;so.sprk.feed.audio;social.bucket.can.mapping;social.clippr.actor.profile;social.grain.actor.profile;social.grain.photo;space.roomy.image;st.snowpo.post;test.atproto.blobTest;tools.smokesignal.blahg.content.post"
"$link","59","app.atpaste.paste;app.flashes.feed.post;app.ocho.plugin.assets;app.ocho.plugin.manifest;app.rocksky.album;app.rocksky.artist;app.rocksky.scrobble;app.rocksky.song;app.skyart.post;app.skyart.preferences;ar.cabildoabierto.data.dataset;ar.cabildoabierto.feed.article;ar.com.cabildoabierto.topic;best.akizuki.blahglegacy.post;blog.pckt.post;blog.pckt.publication;blue.cerulea.video.video;blue.pfp.unmodifiedPfp;blue.zio.atfile.upload;buzz.bookhive.book;chat.roomy.v0.videos;chat.roomy.v0.images;cloud.soundsky.audio;com.bsky-art-platform.art;com.imlunahey.pdf;com.lukeacl.development.blobs;com.marketplace.listing;com.retrobrand.photo;com.shinolabs.pinksea.oekaki;dev.indexx.papertrail.bookDefs;dev.mikchan.atfs.data;dev.skywell.file;exchange.recipe.recipe;fi.jaennaet.test;fm.teal.alpha.actor.profile;industries.geesawra.website;lol.tapapp.tap.doc;moe.karashiiro.kpaste.paste;my.test.blob;net.anisota.feed.post;net.nornoe.avatarArchive;network.doing.activity;network.slices.actor.profile;one.two.three;party.whey.ft.forum.definition;place.stream.livestream;sc.nexus.feed.post;sh.tangled.repo.artifact;so.sprk.actor.profile;so.sprk.feed.story;so.sprk.feed.post;so.sprk.feed.audio;social.clippr.actor.profile;social.grain.actor.profile;social.grain.photo;space.roomy.image;st.snowpo.post;test.atproto.blobTest;tools.smokesignal.blahg.content.post"
"communityName","1","app.azsky.feed.longpost"
"icon","6","app.basker.links;app.hyper-limit.bookmark.list;app.linkbio.links;app.ocho.plugin.manifest;blog.pckt.publication;me.atpub.identity.service"
"order","4","app.basker.links;app.basker.widgets;app.linkbio.links;fyi.bluelinks.links"
"settings","2","app.basker.settings;app.linkbio.settings"
"allowIndexing","1","app.basker.settings"
"enableAnalytics","1","app.basker.settings"
"isPublic","2","app.basker.settings;app.linkbio.notes"
"sectionOrder","2","app.basker.settings;app.linkbio.settings"
"showNotes","1","app.basker.settings"
"showStories","1","app.basker.settings"
"theme","7","app.basker.settings;app.gridsky.preferences;app.skyart.preferences;blog.pckt.publication;com.whitewind.blog.entry;com.whtwnd.blog.entry;net.anisota.settings"
"accentColor","1","app.basker.settings"
"backgroundColor","2","app.basker.settings;app.ocho.plugin.manifest"
"fontFamily","1","app.basker.settings"
"layout","2","app.basker.settings;app.gridsky.grid"
"primaryColor","1","app.basker.settings"
"textColor","1","app.basker.settings"
"stories","3","app.basker.stories;app.linkbio.stories;com.basker.stories"
"expiresAt","5","app.basker.stories;app.linkbio.stories;com.basker.stories;net.anisota.graph.mute;works.catalog.nowPlaying"
"config","2","app.basker.widgets;dev.at-studio.test.xrpc.request"
"enabled","3","app.basker.widgets;app.gridsky.preferences;app.linkbio.links"
"format","9","app.basker.widgets;ar.cabildoabierto.data.dataset;ar.cabildoabierto.feed.article;ar.cabildoabierto.wiki.topicVersion;ar.com.cabildoabierto.topic;com.inkreaders.exercise.post;me.atpub.identity.service;sh.tangled.label.definition;social.atrena.block"
"style","3","app.basker.widgets;app.truanon.label;one.atpage.page"
"timezone","1","app.basker.widgets"
"command","1","app.bikesky.communityBot.commandPrompt"
"prompt","2","app.bikesky.communityBot.commandPrompt;com.inkreaders.exercise.post"
"labelIdentifiers","1","app.bikesky.communityBot.commandPrompt"
"verifiedLabelIdentifiers","1","app.bikesky.communityBot.commandPrompt"
"posts","3","app.bluvy.favorites;com.shadowsky.draft;net.anisota.graph.mute"
"actor_did","1","app.bskymark.bookmark"
"actor_handle","1","app.bskymark.bookmark"
"created_at","2","app.bskymark.bookmark;dev.indexx.papertrail.bookDefs"
"post_uri","1","app.bskymark.bookmark"
"bees","1","app.custom.beeschurger"
"folder","1","app.custom.lolol"
"subject","61","app.custom.lolol;app.honks.feed.honk;app.juttu.blogpost;app.koda.feed.post.reply;app.koda.feed.like;app.koda.feed.repost;app.koda.feed.replyvote;app.koda.graph.follow;app.myclient.bookmark;app.ocho.edu.verification;app.ocho.state.id;app.rocksky.like;app.rocksky.shout;app.skyart.comment;app.skyart.like;app.skytube.graph.favorite;app.yoten.feed.reaction;app.yoten.feed.comment;app.yoten.graph.follow;ar.cabildoabierto.wiki.voteAccept;blue.flashes.actor.portfolio;blue.rito.feed.bookmark;com.alephcubed.starmark.review;com.example.ft.topic.reaction;com.skybemoreblue.intro.request;com.skybemoreblue.intro.introduction;com.welistskyblue.list.comment;com.welistskyblue.list.congrats;com.welistskyblue.list.like;community.graph.follow;community.lexicon.bookmark;community.lexicon.bookmarks.bookmark;community.lexicon.calendar.rsvp;community.lexicon.interaction.like;events.smokesignal.calendar.rsvp;fyi.unravel.frontpage.vote;ink.henry.annotate.mark;net.anisota.feed.listItem;net.anisota.feed.repost;net.anisota.feed.like;net.anisota.graph.mute;net.hrkn.personas.bookmark;party.whey.ft.topic.reaction;pub.leaflet.comment;sh.tangled.feed.reaction;sh.tangled.feed.star;sh.tangled.graph.follow;sh.tangled.knot.member;sh.tangled.label.op;sh.tangled.repo.collaborator;sh.tangled.spindle.member;so.sprk.feed.like;so.sprk.graph.follow;social.grain.comment;social.grain.favorite;social.grain.graph.follow;social.impro.endorsement;social.skyfi.cert.root;systems.gaze.atfronter.fronter;tv.rizzler.feed.repost;tv.rizzler.graph.follow"
"preferredTargetLang","1","app.deepl.profile"
"addressRef","1","app.dropanchor.checkin"
"category","7","app.dropanchor.checkin;com.marketplace.listing;com.thinkhubtest.initiatives.initiative;dev.fudgeu.experimental.atforumv1.feed.post;org.atproto-nix.projects;sky.write.on.pages;user.bookmark.feed.public"
"categoryGroup","1","app.dropanchor.checkin"
"categoryIcon","1","app.dropanchor.checkin"
"coordinates","1","app.dropanchor.checkin"
"latitude","3","app.dropanchor.checkin;community.lexicon.location.geo;community.lexicon.location.fsq"
"longitude","3","app.dropanchor.checkin;community.lexicon.location.geo;community.lexicon.location.fsq"
"embed","10","app.flashes.feed.post;com.example.test.esav;com.protruth.feed.post;exchange.recipe.recipe;fi.jaennaet.test;my.test.blob;net.anisota.feed.post;sc.nexus.feed.post;so.sprk.feed.post;social.pipup.blog.entry"
"images","9","app.flashes.feed.post;app.skyart.post;blog.pckt.post;com.bsky-art-platform.art;com.marketplace.listing;exchange.recipe.recipe;my.test.blob;net.anisota.feed.post;social.pipup.blog.entry"
"alt","11","app.flashes.feed.post;app.skyart.post;chat.roomy.v0.videos;chat.roomy.v0.images;com.bsky-art-platform.art;com.shinolabs.pinksea.oekaki;exchange.recipe.recipe;my.test.blob;net.anisota.feed.post;sc.nexus.feed.post;so.sprk.feed.post"
"image","13","app.flashes.feed.post;app.ocho.plugin.manifest;app.skyart.post;blue.badge.collection;chat.roomy.v0.images;com.bsky-art-platform.art;com.retrobrand.photo;com.shinolabs.pinksea.oekaki;exchange.recipe.recipe;my.test.blob;net.anisota.feed.post;sc.nexus.feed.post;space.roomy.image"
"bio","4","app.gainforest.community;app.skyart.preferences;inc.toronto.discover.beta.profile;me.skyspace.aesthetics"
"firstName","1","app.gainforest.community"
"lastName","1","app.gainforest.community"
"projectId","1","app.gainforest.community"
"site","1","app.gainforest.organization.defaultSite"
"hectares","1","app.gainforest.profile"
"location","11","app.gainforest.profile;app.gather.event;app.yoten.actor.profile;blue.protopro.job;coffee.outof.beanPost;com.marketplace.listing;com.thinkhubtest.initiatives.initiative;is.dame.counting.turtles;me.skyspace.aesthetics;org.devcon.event;sh.tangled.actor.profile"
"objective","1","app.gainforest.profile"
"organizationAffiliation","1","app.gainforest.profile"
"event","4","app.gather.comment;app.gather.rsvp;app.honks.feed.honk;self.tanglifications.log"
"endTime","2","app.gather.event;dev.baileytownsend.health.workout"
"host","5","app.gather.event;app.gather.group;blue.zio.atfile.upload;dev.at-studio.test.xrpc.request;org.xcvr.feed.channel"
"imageCredit","2","app.gather.event;app.gather.group"
"imageUrl","3","app.gather.event;app.gather.group;app.hyper-limit.bookmark"
"maxAttendees","1","app.gather.event"
"media","7","app.gather.event;app.gridsky.draft;com.alephcubed.starmark.review;com.shadowsky.draft;sc.nexus.feed.post;so.sprk.feed.story;test.atproto.blobTest"
"privacy","5","app.gather.event;app.gather.group;app.skyart.preferences;com.bibliome.bookshelf;social.atrena.block"
"startTime","2","app.gather.event;dev.baileytownsend.health.workout"
"photographer","2","app.gather.event;app.gather.group"
"photographer_username","2","app.gather.event;app.gather.group"
"unsplash_id","2","app.gather.event;app.gather.group"
"address","5","app.gather.event;club.stellz.evm.addressControl;com.hypercert.walletAttestationTest;com.hypercert.walletPasskeyTest;org.devcon.event"
"banner","3","app.gather.group;fm.teal.alpha.actor.profile;party.whey.ft.forum.definition"
"level","5","app.gather.group;com.fadeecho.status;is.dame.s.iphone.okay;net.anisota.beta.game.progress;pub.leaflet.document"
"locationRestriction","1","app.gather.group"
"state","6","app.gather.group;is.dame.s.iphone.okay;network.doing.activity;org.owdproject.application.windows;org.owdproject.desktop;sh.tangled.repo.issue.state"
"group","2","app.gather.groupMembership;dev.fudgeu.experimental.atforumv1.forum.category"
"joinedAt","2","app.gather.groupMembership;app.raddle.communityMember"
"member","2","app.gather.groupMembership;app.raddle.communityMember"
"role","1","app.gather.groupMembership"
"status","26","app.gather.groupMembership;app.gather.rsvp;app.netlify.aniblue.status;blue.protopro.job;buzz.bookhive.book;com.marketplace.listing;com.thinkhubtest.initiatives.initiative;com.thinkhubtest.initiatives.task;com.welistskyblue.list.item;community.lexicon.calendar.rsvp;community.lexicon.calendar.event;dev.indexx.papertrail.book;events.smokesignal.calendar.rsvp;is.dame.now;net.aftertheinter.cool.thing;net.aftertheinter.coolthing;net.aftertheinter.coolthingtwo;net.anisota.beta.game.specimen;net.anisota.beta.game.collection;net.anisota.beta.game.session;org.atproto-nix.projects;org.xcvr.actor.profile;sophspots.cool.thing;xyz.hypersphere.status;xyz.statuscity.status;xyz.statusphere.status"
"attendee","1","app.gather.rsvp"
"dietaryRestrictions","1","app.gather.rsvp"
"plusOne","1","app.gather.rsvp"
"timestamp","11","app.gather.rsvp;com.mygame.action;farm.smol.games.skyrdle.score;game.protonauts.critters;game.protonauts.inventory;game.protonauts.player;net.anisota.beta.game.log;net.anisota.game.inventory;test.example.counter;works.catalog.nowPlaying;works.catalog.scrobble"
"transportNeed","1","app.gather.rsvp"
"visibility","7","app.gather.rsvp;app.hyper-limit.bookmark.list;com.ruthub.entry;com.thinkhubtest.initiatives.initiative;com.whtwnd.blog.entry;social.pipup.blog.entry;uk.skyblur.post"
"draft","1","app.gridsky.draft"
"list","7","app.gridsky.grid;dev.baileytownsend.test;my.skylights.listItem;net.anisota.feed.listItem;net.anisota.settings;org.owdproject.desktop;org.scrapboard.listitem"
"label","6","app.gridsky.grid;app.linkbio.link;app.sonasky.ref;dev.at-studio.test.xrpc.request;dev.at-studio.test.xrpc.collection;xyz.flatshcards.stack"
"videoOnly","1","app.gridsky.grid"
"animation","1","app.gridsky.preferences"
"colors","2","app.gridsky.preferences;app.sonasky.ref"
"showBannerInstead","1","app.gridsky.preferences"
"backgroundTone","1","app.gridsky.preferences"
"colorPrimary","1","app.gridsky.preferences"
"dark","2","app.gridsky.preferences;blog.pckt.publication"
"variant","1","app.gridsky.preferences"
"signature","4","app.honks.feed.honk;club.stellz.evm.addressControl;community.lexicon.badge.award;net.anisota.game.inventory"
"signatureKey","1","app.honks.feed.honk"
"$bytes","4","app.honks.feed.honk;club.stellz.evm.addressControl;dev.mikchan.atfs.data;sh.tangled.repo.artifact"
"pinned","2","app.hyper-limit.bookmark.list;app.hyper-limit.bookmark"
"archived","1","app.hyper-limit.bookmark"
"encrypted","1","app.hyper-limit.bookmark"
"contentHtml","1","app.koda.feed.blog"
"coverImageUrl","1","app.koda.feed.blog"
"excerpt","4","app.koda.feed.blog;org.bluepocket.v1.archive;org.bluepocket.v1.link;org.bluepocket.v1.save"
"vote","1","app.koda.feed.replyvote"
"airline","1","app.lele.flight"
"arrivalUtc","1","app.lele.flight"
"departureUtc","1","app.lele.flight"
"destination","1","app.lele.flight"
"origin","1","app.lele.flight"
"isDropdown","1","app.linkbio.link"
"sortOrder","2","app.linkbio.link;blue.flashes.actor.portfolio"
"links","4","app.linkbio.links;fyi.bluelinks.links;one.atpage.page;sh.tangled.actor.profile"
"notes","2","app.linkbio.notes;social.clippr.feed.clip"
"userId","1","app.linkbio.profileCustomization"
"widgetPreferences","1","app.linkbio.profileCustomization"
"daysToExpire","1","app.linkbio.profileNote"
"album","4","app.musicscrobbler.scrobble;app.rocksky.scrobble;app.rocksky.song;works.catalog.track"
"artist","10","app.musicscrobbler.scrobble;app.rocksky.album;app.rocksky.scrobble;app.rocksky.song;cloud.soundsky.audio;so.sprk.feed.audio;works.catalog.album;works.catalog.nowPlaying;works.catalog.scrobble;works.catalog.track"
"duration","10","app.musicscrobbler.scrobble;app.rocksky.scrobble;app.rocksky.song;app.yoten.feed.session;dev.baileytownsend.health.workout;fm.teal.alpha.play;fm.teal.alpha.feed.play;works.catalog.nowPlaying;works.catalog.scrobble;works.catalog.track"
"loved","1","app.musicscrobbler.scrobble"
"scrobbledAt","1","app.musicscrobbler.scrobble"
"track","3","app.musicscrobbler.scrobble;works.catalog.nowPlaying;works.catalog.scrobble"
"message","7","app.navyfragen.message;app.rocksky.shout;ar.cabildoabierto.wiki.topicVersion;ar.com.cabildoabierto.topic;at.atproto.supporter.badge;blue.zio.bsky2tg.post;game.protonauts.player"
"recipient","1","app.navyfragen.message"
"episode_text","1","app.netlify.aniblue.status"
"favorite","1","app.netlify.aniblue.status"
"thumbnail","1","app.netlify.aniblue.status"
"domain","5","app.ocho.edu.verification;club.stellz.evm.addressControl;network.slices.slice;sh.tangled.knot.member;social.slices.slice"
"data","5","app.ocho.plugin.assets;ar.cabildoabierto.data.dataset;com.shadowsky.column;com.shadowsky.columns;dev.mikchan.atfs.data"
"blob","8","app.ocho.plugin.assets;ar.cabildoabierto.data.dataset;blue.zio.atfile.upload;com.habitat.docs;com.lukeacl.development.blobs;com.shinolabs.pinksea.oekaki;net.nornoe.avatarArchive;one.two.three"
"hash","9","app.ocho.plugin.assets;blue.2048.game;blue.2048.player.profile;blue.zio.atfile.upload;farm.smol.games.skyrdle.player.score;farm.smol.games.eggsweeper.score;farm.smol.games.skyrdle.score;game.protonauts.critters;game.protonauts.inventory"
"extra","1","app.ocho.plugin.manifest"
"launchAsset","1","app.ocho.plugin.manifest"
"launchAssetBlob","1","app.ocho.plugin.manifest"
"metadata","10","app.ocho.plugin.manifest;cloud.soundsky.audio;com.bsky-art-platform.art;net.anisota.beta.game.progress;net.anisota.beta.game.log;net.anisota.beta.game.inventory;net.anisota.game.inventory;network.cosmik.card;test.example.counter;xyz.addmoresphere.vertexAssignment"
"runtimeVersion","1","app.ocho.plugin.manifest"
"expoClient","1","app.ocho.plugin.manifest"
"expoGo","1","app.ocho.plugin.manifest"
"contentType","2","app.ocho.plugin.manifest;io.zzstoatzz.cdn.image"
"key","5","app.ocho.plugin.manifest;com.shinolabs.pinksea.preferences;sh.tangled.label.op;sh.tangled.publicKey;social.bucket.can.mapping"
"android","1","app.ocho.plugin.manifest"
"androidStatusBar","1","app.ocho.plugin.manifest"
"experiments","1","app.ocho.plugin.manifest"
"ios","1","app.ocho.plugin.manifest"
"locales","1","app.ocho.plugin.manifest"
"newArchEnabled","1","app.ocho.plugin.manifest"
"orientation","2","app.ocho.plugin.manifest;is.dame.s.iphone.okay"
"platforms","1","app.ocho.plugin.manifest"
"plugins","1","app.ocho.plugin.manifest"
"scheme","1","app.ocho.plugin.manifest"
"sdkVersion","1","app.ocho.plugin.manifest"
"userInterfaceStyle","1","app.ocho.plugin.manifest"
"version","13","app.ocho.plugin.manifest;at.atproto.supporter.badge;club.stellz.evm.addressControl;com.shadowsky.bookmark;com.shadowsky.bookmarks;com.shadowsky.columns;com.shadowsky.preferences;game.protonauts.critters;game.protonauts.inventory;is.dame.s.iphone.okay;net.anisota.settings;space.roomy.stream.dev;test.example.counter"
"web","1","app.ocho.plugin.manifest"
"developer","1","app.ocho.plugin.manifest"
"adaptiveIcon","1","app.ocho.plugin.manifest"
"edgeToEdgeEnabled","1","app.ocho.plugin.manifest"
"typedRoutes","1","app.ocho.plugin.manifest"
"router","1","app.ocho.plugin.manifest"
"supportsTablet","1","app.ocho.plugin.manifest"
"bundler","1","app.ocho.plugin.manifest"
"favicon","1","app.ocho.plugin.manifest"
"output","1","app.ocho.plugin.manifest"
"tool","1","app.ocho.plugin.manifest"
"foregroundImage","1","app.ocho.plugin.manifest"
"imageWidth","1","app.ocho.plugin.manifest"
"resizeMode","1","app.ocho.plugin.manifest"
"backDropUrl","2","app.popfeed.note;social.popfeed.feed.note"
"creativeWorkType","8","app.popfeed.note;app.popsky.listItem;app.popsky.post;app.popsky.review;social.popfeed.feed.review;social.popfeed.feed.listItem;social.popfeed.feed.post;social.popfeed.feed.note"
"facets","11","app.popfeed.note;app.popsky.review;com.example.test.esav;net.anisota.feed.draft;net.anisota.feed.post;pub.leaflet.comment;pub.leaflet.document;sc.nexus.feed.post;social.grain.gallery;social.popfeed.feed.review;social.popfeed.feed.note"
"identifiers","9","app.popfeed.note;app.popsky.listItem;app.popsky.post;app.popsky.review;dev.indexx.papertrail.bookDefs;social.popfeed.feed.review;social.popfeed.feed.listItem;social.popfeed.feed.post;social.popfeed.feed.note"
"posterUrl","4","app.popfeed.note;social.popfeed.feed.listItem;social.popfeed.feed.post;social.popfeed.feed.note"
"releaseYear","1","app.popfeed.note"
"imdbId","6","app.popfeed.note;app.popsky.listItem;app.popsky.post;app.popsky.review;social.popfeed.feed.post;social.popfeed.feed.note"
"tmdbId","6","app.popfeed.note;app.popsky.listItem;app.popsky.post;app.popsky.review;social.popfeed.feed.post;social.popfeed.feed.note"
"rootUri","2","app.popsky.comment;social.popfeed.feed.comment"
"subjectType","4","app.popsky.comment;app.popsky.like;social.popfeed.feed.like;social.popfeed.feed.comment"
"subjectUri","5","app.popsky.comment;app.popsky.like;app.skytube.video.save;social.popfeed.feed.like;social.popfeed.feed.comment"
"addedAt","5","app.popsky.listItem;com.bibliome.book;my.skylights.listItem;network.cosmik.collectionLink;social.popfeed.feed.listItem"
"listUri","2","app.popsky.listItem;social.popfeed.feed.listItem"
"externalLinks","2","app.popsky.profile;social.popfeed.actor.profile"
"containsSpoilers","2","app.popsky.review;social.popfeed.feed.review"
"isRevisit","2","app.popsky.review;social.popfeed.feed.review"
"rating","6","app.popsky.review;com.alephcubed.starmark.review;com.inkreaders.book.post;my.skylights.rel;social.popfeed.feed.review;xyz.statusphere.linkRating"
"reviewText","2","app.popsky.review;social.popfeed.feed.review"
"lastUpdated","2","app.pst.player;game.protonauts.player"
"x","4","app.pst.player;app.pst.structures;game.protonauts.player;org.owdproject.application.windows"
"y","4","app.pst.player;app.pst.structures;game.protonauts.player;org.owdproject.application.windows"
"z","4","app.pst.player;app.pst.structures;game.protonauts.player;org.owdproject.application.windows"
"emoji","5","app.pst.structures;blue.linkat.board;im.flushing.right.now;io.zzstoatzz.status.record;net.mmatt.right.now"
"position","6","app.pst.structures;life.smol.resume;me.skyspace.aesthetics;my.skylights.listItem;org.owdproject.application.windows;social.grain.gallery.item"
"creatorDid","1","app.raddle.community"
"membersCount","1","app.raddle.community"
"moderators","1","app.raddle.community"
"postsCount","1","app.raddle.community"
"rules","1","app.raddle.community"
"community","1","app.raddle.communityMember"
"albumArt","3","app.rocksky.album;app.rocksky.scrobble;app.rocksky.song"
"releaseDate","7","app.rocksky.album;app.rocksky.scrobble;app.rocksky.song;social.popfeed.feed.listItem;social.popfeed.feed.post;social.popfeed.feed.note;works.catalog.album"
"year","5","app.rocksky.album;app.rocksky.scrobble;app.rocksky.song;works.catalog.album;works.catalog.track"
"picture","1","app.rocksky.artist"
"albumArtist","2","app.rocksky.scrobble;app.rocksky.song"
"discNumber","2","app.rocksky.scrobble;app.rocksky.song"
"spotifyLink","2","app.rocksky.scrobble;app.rocksky.song"
"trackNumber","2","app.rocksky.scrobble;app.rocksky.song"
"bookmarkStorageType","2","app.shadowsky.preferences;com.shadowsky.preferences"
"authorAvatar","1","app.skyart.comment"
"authorDid","2","app.skyart.comment;sky.write.on.pages"
"authorDisplayName","2","app.skyart.comment;sky.write.on.pages"
"authorHandle","3","app.skyart.comment;org.xcvr.lrc.signet;sky.write.on.pages"
"followingAvatar","1","app.skyart.follow"
"followingDid","1","app.skyart.follow"
"followingDisplayName","1","app.skyart.follow"
"followingHandle","1","app.skyart.follow"
"likerAvatar","1","app.skyart.like"
"likerDid","1","app.skyart.like"
"likerDisplayName","1","app.skyart.like"
"likerHandle","1","app.skyart.like"
"postType","1","app.skyart.like"
"artwork","1","app.skyart.post"
"coverPhoto","1","app.skyart.preferences"
"hashtags","1","app.skyart.preferences"
"longDescription","1","app.skyart.preferences"
"onboardingCompleted","1","app.skyart.preferences"
"preferences","2","app.skyart.preferences;pub.leaflet.publication"
"socialLinks","1","app.skyart.preferences"
"notifications","1","app.skyart.preferences"
"topics","1","app.skytube.profile"
"crosspost_enabled","1","app.skywatched.settings"
"streaming_region","1","app.skywatched.settings"
"code","2","app.skywatched.settings;li.plonk.paste"
"character","1","app.sonasky.ref"
"modifiedAt","4","app.sonasky.ref;blue.zio.atfile.upload;dev.at-studio.test.xrpc.request;dev.at-studio.test.xrpc.collection"
"altRef","1","app.sonasky.ref"
"drawWithoutAskingNSFW","1","app.sonasky.ref"
"drawWithoutAskingSFW","1","app.sonasky.ref"
"nsfw","2","app.sonasky.ref;com.shinolabs.pinksea.oekaki"
"pronouns","1","app.sonasky.ref"
"refSheet","1","app.sonasky.ref"
"species","3","app.sonasky.ref;net.anisota.beta.game.specimen;net.anisota.beta.game.collection"
"hex","1","app.sonasky.ref"
"attack","1","app.tcg.card"
"defense","1","app.tcg.card"
"rarity","8","app.tcg.card;net.anisota.beta.game.dailyRewards;net.anisota.beta.game.specimen;net.anisota.beta.game.pack;net.anisota.beta.game.collection;net.anisota.beta.game.log;net.anisota.beta.game.inventory;net.anisota.game.inventory"
"rank","1","app.truanon.label"
"wants_personal","1","app.truanon.prefs"
"wants_private","1","app.truanon.prefs"
"wants_social","1","app.truanon.prefs"
"wants_verified","1","app.truanon.prefs"
"categories","3","app.yoten.activity.def;ar.com.cabildoabierto.topic;org.impactindexer.status"
"link","5","app.yoten.feed.resource;app.yoten.feed.session;blog.pckt.publication;blue.zio.bsky2tg.post;com.inkreaders.book.post"
"reactionType","1","app.yoten.feed.reaction"
"languageCode","1","app.yoten.feed.session"
"predefinedActivityName","1","app.yoten.feed.session"
"resource","2","app.yoten.feed.session;com.atproto.lexicon.schema"
"body","10","app.yoten.feed.comment;blog.pckt.post;com.alephcubed.starmark.review;com.skybemoreblue.intro.introduction;dev.at-studio.test.xrpc.request;link.pastesphere.snippet;org.xcvr.lrc.message;sh.tangled.repo.issue;sh.tangled.repo.pull.comment;sh.tangled.repo.issue.comment"
"columns","2","ar.cabildoabierto.data.dataset;com.shadowsky.columns"
"embeds","2","ar.cabildoabierto.feed.article;industries.geesawra.website"
"labels","2","ar.cabildoabierto.feed.article;sh.tangled.repo"
"values","2","ar.cabildoabierto.feed.article;com.shinolabs.pinksea.preferences"
"val","2","ar.cabildoabierto.feed.article;com.atproto.label.defs"
"props","1","ar.cabildoabierto.wiki.topicVersion"
"value","10","ar.cabildoabierto.wiki.topicVersion;com.shinolabs.pinksea.preferences;community.lexicon.location.hthree;life.smol.tipJar;my.skylights.listItem;my.skylights.rel;sh.tangled.label.op;social.pinksky.app.collection;social.pinksky.app.preference;test.example.counter"
"badgeType","1","at.atproto.supporter.badge"
"service","8","at.atproto.supporter.badge;fail.tree.identity.claim;me.atpub.identity.claim;social.impro.endorsement;social.impro.nodeRegistration;works.catalog.album;works.catalog.artist;works.catalog.track"
"serviceConsumer","1","beauty.cybernetic.trustcow.transaction"
"serviceProvider","1","beauty.cybernetic.trustcow.transaction"
"transactionId","1","beauty.cybernetic.trustcow.transaction"
"publishedAt","5","best.akizuki.blahglegacy.post;blog.pckt.post;pub.leaflet.document;sky.write.on.pages;tools.smokesignal.blahg.content.post"
"blog","1","blog.pckt.post"
"bodyPlain","1","blog.pckt.post"
"basePath","1","blog.pckt.publication"
"extensions","1","blog.pckt.publication"
"font","2","blog.pckt.publication;me.skyspace.aesthetics"
"light","1","blog.pckt.publication"
"accent","2","blog.pckt.publication;dev.fudgeu.experimental.atforumv1.forum.identity"
"background","2","blog.pckt.publication;net.nornoe.avatarArchive"
"surfaceHover","1","blog.pckt.publication"
"completed","1","blue.2048.game"
"currentScore","1","blue.2048.game"
"seededRecording","1","blue.2048.game"
"syncStatus","2","blue.2048.game;blue.2048.player.profile"
"won","1","blue.2048.game"
"syncedWithAtRepo","2","blue.2048.game;blue.2048.player.profile"
"soloPlay","1","blue.2048.player.profile"
"favClient","1","blue.atplane.favClient"
"badge","2","blue.badge.collection;community.lexicon.badge.award"
"issued","2","blue.badge.collection;community.lexicon.badge.award"
"proof","1","blue.badge.collection"
"k","1","blue.badge.collection"
"s","1","blue.badge.collection"
"video","4","blue.cerulea.video.video;chat.roomy.v0.videos;so.sprk.feed.story;so.sprk.feed.post"
"tag","4","blue.feeds.hashtag.follow;sh.tangled.repo.artifact;social.grain.gallery;xyz.jeroba.tags.tagged"
"filter","1","blue.flashes.actor.mediaFilter"
"filterType","1","blue.flashes.actor.mediaFilter"
"allowRawDownload","1","blue.flashes.actor.profile"
"enablePortfolio","1","blue.flashes.actor.profile"
"mediaLayout","1","blue.flashes.actor.profile"
"portfolioLayout","1","blue.flashes.actor.profile"
"showFeeds","1","blue.flashes.actor.profile"
"showLikes","1","blue.flashes.actor.profile"
"showLists","1","blue.flashes.actor.profile"
"showMedia","1","blue.flashes.actor.profile"
"cards","1","blue.linkat.board"
"accountType","1","blue.protopro.actor.profile"
"overview","3","blue.protopro.actor.profile;life.smol.resume;org.owdproject.desktop"
"employmentType","1","blue.protopro.job"
"remote","1","blue.protopro.job"
"membership","1","blue.q-p.network.members"
"comments","2","blue.rito.feed.bookmark;com.thinkhubtest.initiatives.task"
"ogpDescription","1","blue.rito.feed.bookmark"
"ogpImage","1","blue.rito.feed.bookmark"
"ogpTitle","1","blue.rito.feed.bookmark"
"comment","2","blue.rito.feed.bookmark;buzz.bookhive.buzz"
"lang","6","blue.rito.feed.bookmark;com.alephcubed.starmark.review;com.skybemoreblue.intro.introduction;li.plonk.paste;org.bluepocket.v1.archive;org.bluepocket.v1.link"
"schema","1","blue.rito.service.schema"
"features","3","blue.skymap.geo.map;com.example.test.esav;social.grain.gallery"
"checksum","1","blue.zio.atfile.upload"
"file","1","blue.zio.atfile.upload"
"finger","1","blue.zio.atfile.upload"
"meta","5","blue.zio.atfile.upload;com.inkreaders.exercise.post;dev.mikchan.atfs.data;net.nornoe.avatarArchive;org.owdproject.application.windows"
"algo","1","blue.zio.atfile.upload"
"app","1","blue.zio.atfile.upload"
"os","2","blue.zio.atfile.upload;is.dame.s.iphone.okay"
"reason","2","blue.zio.atfile.upload;net.anisota.graph.mute"
"channel_id","1","blue.zio.bsky2tg.post"
"error","2","blue.zio.bsky2tg.post;dev.atcities.route"
"message_id","1","blue.zio.bsky2tg.post"
"authors","3","buzz.bookhive.book;com.inkreaders.book.post;dev.indexx.papertrail.bookDefs"
"cover","4","buzz.bookhive.book;com.ruthub.entry;com.ruthub.item;dev.indexx.papertrail.bookDefs"
"hiveId","1","buzz.bookhive.book"
"book","3","buzz.bookhive.buzz;com.inkreaders.book.post;dev.indexx.papertrail.book"
"cssChanges","1","chat.flock.experimental.customview"
"flock","1","chat.flock.experimental.message"
"accountId","1","chat.roomy.profile"
"profileId","1","chat.roomy.profile"
"audio","1","cloud.soundsky.audio"
"feed","2","club.feeed.submission;net.anisota.settings"
"alsoOn","1","club.stellz.evm.addressControl"
"siwe","1","club.stellz.evm.addressControl"
"chainId","1","club.stellz.evm.addressControl"
"issuedAt","2","club.stellz.evm.addressControl;community.lexicon.badge.award"
"nonce","1","club.stellz.evm.addressControl"
"statement","1","club.stellz.evm.addressControl"
"locationType","1","coffee.outof.beanPost"
"lat","1","coffee.outof.beanPost"
"lng","1","coffee.outof.beanPost"
"ratingScale","1","com.alephcubed.starmark.review"
"spoiler","1","com.alephcubed.starmark.review"
"context","2","com.atprofile.beta.profile;net.anisota.beta.game.progress"
"newlinesToLinebreaks","1","com.atprofile.beta.profile"
"collection","5","com.atprofile.beta.profile;com.atproto.lexicon.schema;dev.at-studio.test.xrpc.request;net.anisota.game.inventory;network.cosmik.collectionLink"
"limit","1","com.atprofile.beta.profile"
"rkey","2","com.atprofile.beta.profile;dev.mikchan.atfs.bookmark"
"cts","1","com.atproto.label.defs"
"src","2","com.atproto.label.defs;win.tomo-x.atunits.unit"
"defs","4","com.atproto.lexicon.schema;community.lexicon.location.hthree;community.lexicon.location.geo;community.lexicon.location.fsq"
"lexicon","4","com.atproto.lexicon.schema;community.lexicon.location.hthree;community.lexicon.location.geo;community.lexicon.location.fsq"
"main","4","com.atproto.lexicon.schema;community.lexicon.location.hthree;community.lexicon.location.geo;community.lexicon.location.fsq"
"detail","1","com.atproto.lexicon.schema"
"detail:lang","1","com.atproto.lexicon.schema"
"permissions","1","com.atproto.lexicon.schema"
"ja-JP","1","com.atproto.lexicon.schema"
"aud","1","com.atproto.lexicon.schema"
"lxm","1","com.atproto.lexicon.schema"
"accept","1","com.atproto.lexicon.schema"
"bookshelfRef","2","com.bibliome.book;com.bibliome.comment"
"isbn","1","com.bibliome.book"
"openToContributions","1","com.bibliome.bookshelf"
"bookRef","1","com.bibliome.comment"
"license","5","com.bsky-art-platform.art;exchange.recipe.recipe;place.stream.default.metadata;place.stream.metadata.configuration;uk.ewancroft.site.info"
"platform","5","com.bsky-art-platform.art;net.anisota.beta.game.session;net.anisota.beta.game.progress;net.anisota.beta.game.log;uk.ewancroft.site.info"
"inspiration","1","com.bsky-art-platform.art"
"timeSpent","1","com.bsky-art-platform.art"
"published","2","com.crabdance.nandi.post;dev.indexx.papertrail.bookDefs"
"publicKey","1","com.example.atpwg.publicKey"
"forum","3","com.example.ft.topic.post;dev.fudgeu.experimental.atforumv1.feed.post;party.whey.ft.topic.post"
"reactionEmoji","2","com.example.ft.topic.reaction;party.whey.ft.topic.reaction"
"footer","1","com.example.ft.user.profile"
"langs","6","com.example.ft.user.profile;com.example.test.esav;my.test.blob;net.anisota.feed.draft;net.anisota.feed.post;tools.smokesignal.blahg.content.post"
"record","3","com.example.test.esav;net.anisota.game.inventory;xyz.jeroba.tags.tagged"
"index","2","com.example.test.esav;social.grain.gallery"
"byteEnd","2","com.example.test.esav;social.grain.gallery"
"byteStart","2","com.example.test.esav;social.grain.gallery"
"loginCount","1","com.fadeecho.loggedIn"
"streak","4","com.fadeecho.loggedIn;com.fadeecho.status;net.anisota.beta.game.dailyRewards;net.anisota.beta.game.pack"
"achievements","1","com.fadeecho.status"
"bestScore","1","com.fadeecho.status"
"highestLevel","1","com.fadeecho.status"
"lastSaved","1","com.fadeecho.status"
"levelBests","1","com.fadeecho.status"
"saveReason","1","com.fadeecho.status"
"score","4","com.fadeecho.status;farm.smol.games.skyrdle.player.score;farm.smol.games.skyrdle.score;uk.ewancroft.snake.score"
"sessionId","3","com.fadeecho.status;net.anisota.beta.game.progress;net.anisota.beta.game.log"
"postedTo","1","com.fujocoded.guestbook.submission"
"hiddenSubmissions","1","com.fujocoded.guestbook.gate"
"hiddenAt","1","com.fujocoded.guestbook.gate"
"originallyPostedOn","1","com.fujocoded.guestbook.gate"
"submissionUri","1","com.fujocoded.guestbook.gate"
"satyam","1","com.gainforest.testing.something"
"favoriteMint","1","com.gemmy.actor.favoriteToken"
"mintAddress","1","com.gemmy.favorite.token"
"anchorHello","1","com.germnetwork.keypackage"
"attestation","1","com.hypercert.walletAttestationTest"
"pdf","1","com.imlunahey.pdf"
"article","1","com.inkreaders.article.post"
"source","11","com.inkreaders.article.post;com.inkreaders.exercise.post;dev.pouch.bookmark;jp.5leaf.sync.mastodon;net.anisota.beta.game.specimen;net.anisota.beta.game.collection;net.anisota.beta.game.inventory;sh.tangled.repo.pull;social.atrena.block;test.example.counter;tools.atp.typing.test"
"progress","2","com.inkreaders.book.post;dev.indexx.papertrail.book"
"isbn10","3","com.inkreaders.book.post;social.popfeed.feed.review;social.popfeed.feed.listItem"
"isbn13","3","com.inkreaders.book.post;social.popfeed.feed.review;social.popfeed.feed.listItem"
"allowRemix","1","com.inkreaders.exercise.post"
"questions","1","com.inkreaders.exercise.post"
"difficulty","1","com.inkreaders.exercise.post"
"correct_answer","1","com.inkreaders.exercise.post"
"explanation","1","com.inkreaders.exercise.post"
"options","1","com.inkreaders.exercise.post"
"filename","3","com.lfs-pds.pointer;pet.nkp.file;sh.tangled.string"
"mime","2","com.lfs-pds.pointer;pet.nkp.file"
"animal","1","com.lukeacl.bot.animal.assignment"
"allowMessages","1","com.marketplace.listing"
"condition","1","com.marketplace.listing"
"crossPostedTo","1","com.marketplace.listing"
"featured","1","com.marketplace.listing"
"price","1","com.marketplace.listing"
"viewCount","1","com.marketplace.listing"
"zipCode","1","com.marketplace.listing"
"actionType","1","com.mygame.action"
"target","3","com.mygame.action;sh.tangled.repo.pull;win.tomo-x.atunits.unit"
"keys","2","com.newdin.read.thread;com.ruthub.kanbans"
"linkType","1","com.protruth.feed.postLink"
"parentRef","1","com.protruth.feed.postLink"
"postRef","2","com.protruth.feed.postLink;pub.leaflet.document"
"details","2","com.protruth.feed.post;so.sprk.feed.audio"
"parentUri","1","com.protruth.feed.post"
"indexedAt","1","com.protruth.feed.post"
"profile","3","com.protruth.feed.post;me.atpub.identity.service;net.anisota.settings"
"publisherDomain","1","com.protruth.feed.post"
"thumb","2","com.protruth.feed.post;place.stream.livestream"
"ownership","1","com.retrobrand.photo"
"brand","1","com.retrobrand.photo"
"company","2","com.retrobrand.photo;life.smol.resume"
"relateds","1","com.ruthub.entry"
"attrs","1","com.ruthub.item"
"kind","1","com.ruthub.item"
"skeet","1","com.ruthub.item"
"uuid","1","com.ruthub.item"
"ContentRating","1","com.ruthub.item"
"Creator","1","com.ruthub.item"
"Director","1","com.ruthub.item"
"Genre","1","com.ruthub.item"
"Release","1","com.ruthub.item"
"resources","1","com.ruthub.item"
"bookmarks","2","com.shadowsky.bookmark;com.shadowsky.bookmarks"
"selectedFeedUri","1","com.shadowsky.columns"
"postOrder","1","com.shadowsky.draft"
"columnStorageType","1","com.shadowsky.preferences"
"draftStorageType","1","com.shadowsky.preferences"
"imageLink","1","com.shinolabs.pinksea.oekaki"
"introduction","2","com.skybemoreblue.intro.rejection;com.skybemoreblue.social.intro.rejection"
"participants","1","com.thinkhubtest.initiatives.initiative"
"priority","2","com.thinkhubtest.initiatives.initiative;com.thinkhubtest.initiatives.task"
"timeline","1","com.thinkhubtest.initiatives.initiative"
"current","2","com.thinkhubtest.initiatives.initiative;social.bucket.can.mapping"
"progressPct","1","com.thinkhubtest.initiatives.initiative"
"assignees","1","com.thinkhubtest.initiatives.task"
"initiativeId","2","com.thinkhubtest.initiatives.task;com.thinkhubtest.threads.post"
"ownerDid","1","com.thinkhubtest.initiatives.task"
"deleted","2","com.thinkhubtest.initiatives.task;com.thinkhubtest.initiatives.comment"
"editedAt","1","com.thinkhubtest.initiatives.task"
"taskId","2","com.thinkhubtest.initiatives.task;com.thinkhubtest.initiatives.comment"
"pubKey","1","com.thinkhubtest.userKeys"
"onboarding","1","com.wamellow.bridge.discord"
"uris","2","com.welistskyblue.list.all;community.lexicon.calendar.event"
"markdown","1","community.lexicon.atpublish.mdpost"
"path","1","community.lexicon.atpublish.mdpost"
"previewPlain","1","community.lexicon.atpublish.mdpost"
"signatures","2","community.lexicon.badge.award;net.anisota.game.inventory"
"issuer","2","community.lexicon.badge.award;net.anisota.game.inventory"
"eventTitle","1","community.lexicon.calendar.comment"
"eventUri","1","community.lexicon.calendar.comment"
"endsAt","1","community.lexicon.calendar.event"
"locations","1","community.lexicon.calendar.event"
"startsAt","1","community.lexicon.calendar.event"
"country","1","community.lexicon.location.address"
"locality","1","community.lexicon.location.address"
"postalCode","1","community.lexicon.location.address"
"region","1","community.lexicon.location.address"
"street","1","community.lexicon.location.address"
"properties","3","community.lexicon.location.hthree;community.lexicon.location.geo;community.lexicon.location.fsq"
"_lexicon_store_authority_did","4","community.lexicon.location.hthree.history;community.lexicon.location.geo.history;community.lexicon.location.fsq.history;community.lexicon.location.address.history"
"_lexicon_store_captured_at","4","community.lexicon.location.hthree.history;community.lexicon.location.geo.history;community.lexicon.location.fsq.history;community.lexicon.location.address.history"
"_lexicon_store_indexed_at","4","community.lexicon.location.hthree.history;community.lexicon.location.geo.history;community.lexicon.location.fsq.history;community.lexicon.location.address.history"
"_lexicon_store_lexicon_tid","4","community.lexicon.location.hthree.history;community.lexicon.location.geo.history;community.lexicon.location.fsq.history;community.lexicon.location.address.history"
"_lexicon_store_nsid","4","community.lexicon.location.hthree.history;community.lexicon.location.geo.history;community.lexicon.location.fsq.history;community.lexicon.location.address.history"
"_lexicon_store_operation","4","community.lexicon.location.hthree.history;community.lexicon.location.geo.history;community.lexicon.location.fsq.history;community.lexicon.location.address.history"
"_lexicon_store_source_did","4","community.lexicon.location.hthree.history;community.lexicon.location.geo.history;community.lexicon.location.fsq.history;community.lexicon.location.address.history"
"_lexicon_store_uri","4","community.lexicon.location.hthree.history;community.lexicon.location.geo.history;community.lexicon.location.fsq.history;community.lexicon.location.address.history"
"_lexicon_store_verification_error","4","community.lexicon.location.hthree.history;community.lexicon.location.geo.history;community.lexicon.location.fsq.history;community.lexicon.location.address.history"
"_lexicon_store_verified","4","community.lexicon.location.hthree.history;community.lexicon.location.geo.history;community.lexicon.location.fsq.history;community.lexicon.location.address.history"
"_lexicon_store_verified_at","4","community.lexicon.location.hthree.history;community.lexicon.location.geo.history;community.lexicon.location.fsq.history;community.lexicon.location.address.history"
"altitude","1","community.lexicon.location.geo"
"fsq_place_id","1","community.lexicon.location.fsq"
"xrpc","1","dev.at-studio.test.xrpc.request"
"lexiconSources","1","dev.at-studio.test.xrpc.request"
"nsid","3","dev.at-studio.test.xrpc.request;network.slices.lexicon;social.slices.lexicon"
"headers","1","dev.at-studio.test.xrpc.request"
"lexicons","1","dev.at-studio.test.xrpc.request"
"params","1","dev.at-studio.test.xrpc.request"
"repo","5","dev.at-studio.test.xrpc.request;sh.tangled.repo.artifact;sh.tangled.repo.collaborator;sh.tangled.repo.issue;sh.tangled.repo.pull"
"requests","1","dev.at-studio.test.xrpc.collection"
"burned","1","dev.baileytownsend.health.calories"
"intake","1","dev.baileytownsend.health.calories"
"exercise","1","dev.baileytownsend.health.rings"
"exerciseGoal","1","dev.baileytownsend.health.rings"
"move","1","dev.baileytownsend.health.rings"
"moveGoal","1","dev.baileytownsend.health.rings"
"standGoal","1","dev.baileytownsend.health.rings"
"standHours","1","dev.baileytownsend.health.rings"
"steps","1","dev.baileytownsend.health.steps"
"activity","1","dev.baileytownsend.health.workout"
"caloriesBurned","1","dev.baileytownsend.health.workout"
"distance","1","dev.baileytownsend.health.workout"
"dict","1","dev.baileytownsend.test"
"number","1","dev.baileytownsend.test"
"test","2","dev.baileytownsend.test;net.anisota.game.inventory"
"nice","1","dev.baileytownsend.test"
"note","3","dev.eagraf.note;ink.henry.annotate.mark;my.skylights.rel"
"categoryType","1","dev.fudgeu.experimental.atforumv1.forum.category"
"owned","1","dev.indexx.papertrail.book"
"progress_type","1","dev.indexx.papertrail.book"
"field_sources","1","dev.indexx.papertrail.bookDefs"
"source_id","1","dev.indexx.papertrail.bookDefs"
"owner","1","dev.mikchan.atfs.bookmark"
"blobRef","1","dev.skywell.file"
"recipes","1","exchange.recipe.collection"
"about","1","exchange.recipe.profile"
"profileType","1","exchange.recipe.profile"
"attribution","1","exchange.recipe.recipe"
"cookTime","1","exchange.recipe.recipe"
"ingredients","1","exchange.recipe.recipe"
"instructions","1","exchange.recipe.recipe"
"prepTime","1","exchange.recipe.recipe"
"recipeYield","1","exchange.recipe.recipe"
"suitableForDiet","1","exchange.recipe.recipe"
"totalTime","1","exchange.recipe.recipe"
"aspectRatio","4","exchange.recipe.recipe;net.anisota.feed.post;sc.nexus.feed.post;social.grain.photo"
"height","4","exchange.recipe.recipe;net.anisota.feed.post;sc.nexus.feed.post;social.grain.photo"
"width","4","exchange.recipe.recipe;net.anisota.feed.post;sc.nexus.feed.post;social.grain.photo"
"identifier","2","fail.tree.identity.claim;me.atpub.identity.claim"
"team","1","fail.tree.team.membership"
"gameNumber","2","farm.smol.games.skyrdle.player.score;farm.smol.games.skyrdle.score"
"playerDid","1","farm.smol.games.skyrdle.player.score"
"gameNum","1","farm.smol.games.eggsweeper.score"
"lives","1","farm.smol.games.eggsweeper.score"
"time","2","farm.smol.games.eggsweeper.score;tools.atp.typing.test"
"guesses","1","farm.smol.games.skyrdle.score"
"isWin","1","farm.smol.games.skyrdle.score"
"evaluation","1","farm.smol.games.skyrdle.score"
"letters","1","farm.smol.games.skyrdle.score"
"artistMbIds","1","fm.teal.alpha.play"
"artistName","2","fm.teal.alpha.play;fm.teal.alpha.feed.play"
"isrc","1","fm.teal.alpha.play"
"musicServiceBaseDomain","1","fm.teal.alpha.play"
"originUrl","1","fm.teal.alpha.play"
"playedTime","2","fm.teal.alpha.play;fm.teal.alpha.feed.play"
"recordingMbId","2","fm.teal.alpha.play;fm.teal.alpha.feed.play"
"releaseMbId","2","fm.teal.alpha.play;fm.teal.alpha.feed.play"
"releaseName","2","fm.teal.alpha.play;fm.teal.alpha.feed.play"
"submissionClientAgent","2","fm.teal.alpha.play;fm.teal.alpha.feed.play"
"trackName","2","fm.teal.alpha.play;fm.teal.alpha.feed.play"
"artists","1","fm.teal.alpha.feed.play"
"artistMbId","1","fm.teal.alpha.feed.play"
"completedOnboarding","1","fm.teal.alpha.actor.profileStatus"
"encryptedData","2","game.protonauts.critters;game.protonauts.inventory"
"salt","2","game.protonauts.critters;game.protonauts.inventory"
"color","10","game.protonauts.player;me.skyspace.aesthetics;net.nornoe.avatarArchive;org.xcvr.actor.profile;org.xcvr.lrc.message;place.stream.chat.profile;sh.tangled.label.definition;social.clippr.feed.tag;uk.atproto.bookmark.list;xyz.addmoresphere.vertexAssignment"
"currentStructure","1","game.protonauts.player"
"liveMessage","1","game.protonauts.player"
"secondaryColor","1","game.protonauts.player"
"statusUpdate","1","game.protonauts.player"
"entries","1","guide.atproto.experimental.applicationCollection"
"currentProject","1","inc.toronto.discover.beta.profile"
"interests","2","inc.toronto.discover.beta.profile;me.skyspace.content"
"neighbourhood","1","inc.toronto.discover.beta.profile"
"twitterUrl","1","inc.toronto.discover.beta.profile"
"websiteUrl","1","inc.toronto.discover.beta.profile"
"trail","1","ink.henry.annotate.mark"
"cdnKey","1","io.zzstoatzz.cdn.image"
"cdnUrl","1","io.zzstoatzz.cdn.image"
"expires","1","io.zzstoatzz.status.record"
"answer","1","is.dame.counting.turtles"
"observedAt","1","is.dame.counting.turtles"
"turtleCount","1","is.dame.counting.turtles"
"weatherCondition","1","is.dame.counting.turtles"
"battery","1","is.dame.s.iphone.okay"
"currentApp","1","is.dame.s.iphone.okay"
"deviceDetails","1","is.dame.s.iphone.okay"
"charging","1","is.dame.s.iphone.okay"
"connected","1","is.dame.s.iphone.okay"
"appearance","1","is.dame.s.iphone.okay"
"brightness","1","is.dame.s.iphone.okay"
"cellularBars","1","is.dame.s.iphone.okay"
"cellularNetwork","1","is.dame.s.iphone.okay"
"focus","1","is.dame.s.iphone.okay"
"locked","1","is.dame.s.iphone.okay"
"motion","1","is.dame.s.iphone.okay"
"volume","2","is.dame.s.iphone.okay;org.owdproject.desktop"
"wifi","1","is.dame.s.iphone.okay"
"server","1","jp.5leaf.sync.mastodon"
"shortUrl","1","li.plonk.paste"
"educationHistory","1","life.smol.resume"
"jobHistory","1","life.smol.resume"
"skills","1","life.smol.resume"
"degree","1","life.smol.resume"
"institution","1","life.smol.resume"
"startDate","1","life.smol.resume"
"contentBlob","1","lol.tapapp.tap.doc"
"proofs","1","me.atpub.identity.claim"
"method","2","me.atpub.identity.claim;net.anisota.beta.game.log"
"profileUrlTemplate","1","me.atpub.identity.service"
"verificationMethods","1","me.atpub.identity.service"
"selector","1","me.atpub.identity.service"
"bg","1","me.skyspace.aesthetics"
"effects","2","me.skyspace.aesthetics;net.anisota.beta.game.inventory"
"music","2","me.skyspace.aesthetics;me.skyspace.content"
"panel","1","me.skyspace.aesthetics"
"quote","2","me.skyspace.aesthetics;net.anisota.settings"
"cursorImage","1","me.skyspace.aesthetics"
"cursorTrail","1","me.skyspace.aesthetics"
"cursorTrailParameters","1","me.skyspace.aesthetics"
"cursorURL","1","me.skyspace.aesthetics"
"frameColor","1","me.skyspace.aesthetics"
"frameRadius","1","me.skyspace.aesthetics"
"frameStyle","1","me.skyspace.aesthetics"
"frameThickness","1","me.skyspace.aesthetics"
"panelColor","1","me.skyspace.aesthetics"
"panelTransparency","1","me.skyspace.aesthetics"
"seperatorColor","1","me.skyspace.aesthetics"
"bodyColor","1","me.skyspace.aesthetics"
"linkColor","1","me.skyspace.aesthetics"
"titleColor","1","me.skyspace.aesthetics"
"wiltm","1","me.skyspace.content"
"item","3","my.skylights.listItem;my.skylights.rel;social.grain.gallery.item"
"lastClaimTime","1","net.anisota.beta.game.dailyRewards"
"lastModified","4","net.anisota.beta.game.dailyRewards;net.anisota.beta.game.specimen;net.anisota.beta.game.pack;net.anisota.beta.game.inventory"
"longestStreak","2","net.anisota.beta.game.dailyRewards;net.anisota.beta.game.pack"
"rewardHistory","1","net.anisota.beta.game.dailyRewards"
"totalClaims","1","net.anisota.beta.game.dailyRewards"
"claimTime","1","net.anisota.beta.game.dailyRewards"
"itemsReceived","2","net.anisota.beta.game.dailyRewards;net.anisota.beta.game.pack"
"streakCount","2","net.anisota.beta.game.dailyRewards;net.anisota.beta.game.pack"
"itemId","5","net.anisota.beta.game.dailyRewards;net.anisota.beta.game.pack;net.anisota.beta.game.log;net.anisota.beta.game.inventory;net.anisota.game.inventory"
"quantity","7","net.anisota.beta.game.dailyRewards;net.anisota.beta.game.specimen;net.anisota.beta.game.pack;net.anisota.beta.game.collection;net.anisota.beta.game.log;net.anisota.beta.game.inventory;net.anisota.game.inventory"
"acquiredAt","4","net.anisota.beta.game.specimen;net.anisota.beta.game.collection;net.anisota.beta.game.inventory;net.anisota.game.inventory"
"commonName","2","net.anisota.beta.game.specimen;net.anisota.beta.game.collection"
"family","2","net.anisota.beta.game.specimen;net.anisota.beta.game.collection"
"genus","2","net.anisota.beta.game.specimen;net.anisota.beta.game.collection"
"lastSeen","3","net.anisota.beta.game.specimen;net.anisota.beta.game.collection;xyz.addmoresphere.vertexAssignment"
"scientificName","2","net.anisota.beta.game.specimen;net.anisota.beta.game.collection"
"sourceDetails","3","net.anisota.beta.game.specimen;net.anisota.beta.game.collection;net.anisota.beta.game.inventory"
"specimenData","2","net.anisota.beta.game.specimen;net.anisota.beta.game.collection"
"specimenId","2","net.anisota.beta.game.specimen;net.anisota.beta.game.collection"
"abbreviatedName","1","net.anisota.beta.game.specimen"
"authorship","2","net.anisota.beta.game.specimen;net.anisota.beta.game.collection"
"habitat","1","net.anisota.beta.game.specimen"
"wingspan","1","net.anisota.beta.game.specimen"
"lastOpenTime","1","net.anisota.beta.game.pack"
"packHistory","1","net.anisota.beta.game.pack"
"totalOpens","1","net.anisota.beta.game.pack"
"openTime","1","net.anisota.beta.game.pack"
"logRecordUri","2","net.anisota.beta.game.collection;net.anisota.beta.game.inventory"
"attempts","1","net.anisota.beta.game.collection"
"catchProbability","1","net.anisota.beta.game.collection"
"activitySummary","1","net.anisota.beta.game.session"
"clientVersion","3","net.anisota.beta.game.session;net.anisota.beta.game.progress;net.anisota.beta.game.log"
"lastActivityAt","1","net.anisota.beta.game.session"
"sessionContext","1","net.anisota.beta.game.session"
"startedAt","4","net.anisota.beta.game.session;org.xcvr.lrc.signet;works.catalog.nowPlaying;xyz.statusphere.pomodoroSession"
"currentLevel","1","net.anisota.beta.game.session"
"currentXP","1","net.anisota.beta.game.session"
"gameActions","1","net.anisota.beta.game.session"
"pagesVisited","1","net.anisota.beta.game.session"
"totalEvents","1","net.anisota.beta.game.session"
"xpGainedThisSession","1","net.anisota.beta.game.session"
"authenticationMethod","1","net.anisota.beta.game.session"
"entryPoint","1","net.anisota.beta.game.session"
"isNewUser","1","net.anisota.beta.game.session"
"referrer","1","net.anisota.beta.game.session"
"dailyPacksOpened","1","net.anisota.beta.game.session"
"feedsLoaded","1","net.anisota.beta.game.session"
"itemsCollected","1","net.anisota.beta.game.session"
"levelUps","1","net.anisota.beta.game.session"
"postsViewed","1","net.anisota.beta.game.session"
"specimensCollected","1","net.anisota.beta.game.session"
"cardUri","2","net.anisota.beta.game.progress;net.anisota.beta.game.log"
"currentStamina","1","net.anisota.beta.game.progress"
"progressPercentage","1","net.anisota.beta.game.progress"
"relatedLogUris","1","net.anisota.beta.game.progress"
"sessionUri","2","net.anisota.beta.game.progress;net.anisota.beta.game.log"
"stats","2","net.anisota.beta.game.progress;sh.tangled.actor.profile"
"totalXP","1","net.anisota.beta.game.progress"
"triggerSource","1","net.anisota.beta.game.progress"
"xpGainedSinceLastSave","1","net.anisota.beta.game.progress"
"xpToNextLevel","1","net.anisota.beta.game.progress"
"actions","1","net.anisota.beta.game.progress"
"basedOnProgressUri","1","net.anisota.beta.game.progress"
"lastPostReadDate","1","net.anisota.beta.game.progress"
"postsReadToday","1","net.anisota.beta.game.progress"
"postsReadTotal","1","net.anisota.beta.game.progress"
"collectionData","1","net.anisota.beta.game.log"
"eventType","1","net.anisota.beta.game.log"
"gameCardData","1","net.anisota.beta.game.log"
"gameCardId","1","net.anisota.beta.game.log"
"parentLogUri","1","net.anisota.beta.game.log"
"rootLogUri","1","net.anisota.beta.game.log"
"inventoryRecordUri","1","net.anisota.beta.game.log"
"success","1","net.anisota.beta.game.log"
"timeSinceGeneration","1","net.anisota.beta.game.log"
"timeSinceViewed","1","net.anisota.beta.game.log"
"cardType","1","net.anisota.beta.game.log"
"itemName","1","net.anisota.beta.game.inventory"
"itemType","1","net.anisota.beta.game.inventory"
"itemValue","1","net.anisota.beta.game.inventory"
"maxStack","1","net.anisota.beta.game.inventory"
"stackable","1","net.anisota.beta.game.inventory"
"gameCardUri","1","net.anisota.beta.game.inventory"
"aturi","1","net.anisota.game.inventory"
"signedAt","1","net.anisota.game.inventory"
"created","1","net.anisota.game.inventory"
"purpose","3","net.anisota.game.inventory;net.anisota.graph.list;uk.ewancroft.site.info"
"repository","1","net.anisota.game.inventory"
"contentTypes","1","net.anisota.graph.mute"
"targetFeeds","1","net.anisota.graph.mute"
"quotes","2","net.anisota.graph.mute;net.anisota.settings"
"replies","2","net.anisota.graph.mute;net.anisota.settings"
"reposts","2","net.anisota.graph.mute;net.anisota.settings"
"behaviorSettings","1","net.anisota.settings"
"controlOrder","1","net.anisota.settings"
"controlSettings","1","net.anisota.settings"
"uiSettings","1","net.anisota.settings"
"anisotaOnlyMode","1","net.anisota.settings"
"batchNotificationTypes","1","net.anisota.settings"
"batchNotifications","1","net.anisota.settings"
"confirmDeletes","1","net.anisota.settings"
"confirmDraftSaves","1","net.anisota.settings"
"defaultHomePage","1","net.anisota.settings"
"defaultPostTarget","1","net.anisota.settings"
"filterByFollowerRatio","1","net.anisota.settings"
"filterNotificationTypes","1","net.anisota.settings"
"filterNotificationsByFollowers","1","net.anisota.settings"
"hideReadPosts","1","net.anisota.settings"
"hideReposts","1","net.anisota.settings"
"maxFollowerCount","1","net.anisota.settings"
"minFollowerCount","1","net.anisota.settings"
"minFollowerRatio","1","net.anisota.settings"
"postDrafts","1","net.anisota.settings"
"reverseFeedOrder","1","net.anisota.settings"
"soundscape","1","net.anisota.settings"
"trackReadPosts","1","net.anisota.settings"
"back","1","net.anisota.settings"
"delete","2","net.anisota.settings;sh.tangled.label.op"
"feedSwitcher","1","net.anisota.settings"
"fetch","1","net.anisota.settings"
"flip","1","net.anisota.settings"
"forward","1","net.anisota.settings"
"fullscreen","1","net.anisota.settings"
"like","1","net.anisota.settings"
"repost","1","net.anisota.settings"
"shuffle","1","net.anisota.settings"
"noStatsMode","1","net.anisota.settings"
"postCardPrimarySlot","1","net.anisota.settings"
"postCardSecondarySlot","1","net.anisota.settings"
"profileCardPrimarySlot","1","net.anisota.settings"
"profileCardSecondarySlot","1","net.anisota.settings"
"showAtSymbol","1","net.anisota.settings"
"showEngagementLikes","1","net.anisota.settings"
"showEngagementQuotes","1","net.anisota.settings"
"showEngagementReplies","1","net.anisota.settings"
"showEngagementReposts","1","net.anisota.settings"
"showPostCardAvatar","1","net.anisota.settings"
"showPostCardDisplayName","1","net.anisota.settings"
"showPostCardFooter","1","net.anisota.settings"
"showPostCardHandle","1","net.anisota.settings"
"showPostCardHeader","1","net.anisota.settings"
"showPostCount","1","net.anisota.settings"
"showPostReadIndicator","1","net.anisota.settings"
"showProfileAtSymbol","1","net.anisota.settings"
"showProfileCollections","1","net.anisota.settings"
"showProfileDisplayName","1","net.anisota.settings"
"showProfileFollowers","1","net.anisota.settings"
"showProfileFollowing","1","net.anisota.settings"
"showProfileHandle","1","net.anisota.settings"
"showProfileLexicons","1","net.anisota.settings"
"showProfilePosts","1","net.anisota.settings"
"showRarityIndicator","1","net.anisota.settings"
"showTimestamp","1","net.anisota.settings"
"showUsername","1","net.anisota.settings"
"follows","1","net.anisota.settings"
"likes","1","net.anisota.settings"
"mentions","1","net.anisota.settings"
"eyes","1","net.nornoe.avatarArchive"
"mouth","1","net.nornoe.avatarArchive"
"rotation","1","net.nornoe.avatarArchive"
"shape","1","net.nornoe.avatarArchive"
"retrievedAt","1","network.cosmik.card"
"siteName","2","network.cosmik.card;org.bluepocket.v1.archive"
"accessType","1","network.cosmik.collection"
"collaborators","1","network.cosmik.collection"
"addedBy","1","network.cosmik.collectionLink"
"card","1","network.cosmik.collectionLink"
"originalCard","1","network.cosmik.collectionLink"
"trackFile","1","network.doing.activity"
"definitions","2","network.slices.lexicon;social.slices.lexicon"
"slice","4","network.slices.lexicon;network.slices.waitlist.invite;network.slices.waitlist.request;social.slices.lexicon"
"services","2","one.atpage.page;uk.ewancroft.site.info"
"gay","1","one.two.three"
"maintainers","1","org.atproto-nix.projects"
"repoURL","1","org.atproto-nix.projects"
"byline","1","org.bluepocket.v1.archive"
"imageHref","1","org.bluepocket.v1.archive"
"publishTime","1","org.bluepocket.v1.archive"
"textLength","3","org.bluepocket.v1.archive;org.bluepocket.v1.link;org.bluepocket.v1.save"
"end_utc","1","org.devcon.event"
"event_type","1","org.devcon.event"
"expertise","1","org.devcon.event"
"main_url","1","org.devcon.event"
"organizer","1","org.devcon.event"
"requires_ticket","1","org.devcon.event"
"sold_out","1","org.devcon.event"
"start_utc","1","org.devcon.event"
"contact","1","org.devcon.event"
"annualBudget","1","org.impactindexer.status"
"fundingGivenOut","1","org.impactindexer.status"
"fundingReceived","1","org.impactindexer.status"
"geographicDistribution","1","org.impactindexer.status"
"impactMetrics","1","org.impactindexer.status"
"sustainableRevenuePercent","1","org.impactindexer.status"
"teamSize","1","org.impactindexer.status"
"website","1","org.impactindexer.status"
"windows","1","org.owdproject.application.windows"
"main-LHE9Ba","1","org.owdproject.application.windows"
"autoplay","1","org.owdproject.application.windows"
"videoId","1","org.owdproject.application.windows"
"active","2","org.owdproject.application.windows;org.owdproject.desktop"
"draggable","1","org.owdproject.application.windows"
"focused","1","org.owdproject.application.windows"
"workspace","2","org.owdproject.application.windows;org.owdproject.desktop"
"window","1","org.owdproject.desktop"
"master","1","org.owdproject.desktop"
"positionZ","1","org.owdproject.desktop"
"defaultNick","1","org.xcvr.actor.profile"
"topic","1","org.xcvr.feed.channel"
"channelURI","1","org.xcvr.lrc.signet"
"lrcID","1","org.xcvr.lrc.signet"
"nick","1","org.xcvr.lrc.message"
"postedAt","1","org.xcvr.lrc.message"
"signetURI","1","org.xcvr.lrc.message"
"testValue","1","pet.nel.testrecord"
"pointerUri","1","pet.nkp.file"
"hiddenMessage","1","place.stream.chat.gate"
"streamer","1","place.stream.chat.message"
"blue","1","place.stream.chat.profile"
"green","1","place.stream.chat.profile"
"red","1","place.stream.chat.profile"
"contentRights","2","place.stream.default.metadata;place.stream.metadata.configuration"
"contentWarnings","2","place.stream.default.metadata;place.stream.metadata.configuration"
"distributionPolicy","2","place.stream.default.metadata;place.stream.metadata.configuration"
"copyrightNotice","2","place.stream.default.metadata;place.stream.metadata.configuration"
"copyrightYear","2","place.stream.default.metadata;place.stream.metadata.configuration"
"creator","1","place.stream.default.metadata"
"creditLine","1","place.stream.default.metadata"
"allowArchive","1","place.stream.default.metadata"
"broadcastExpiry","1","place.stream.default.metadata"
"createdBy","1","place.stream.key"
"signingKey","1","place.stream.key"
"agent","1","place.stream.livestream"
"canonicalUrl","1","place.stream.livestream"
"warnings","1","place.stream.metadata.configuration"
"deleteAfter","1","place.stream.metadata.configuration"
"debugRecording","1","place.stream.server.settings"
"plaintext","2","pub.leaflet.comment;pub.leaflet.document"
"pages","1","pub.leaflet.document"
"publication","2","pub.leaflet.document;pub.leaflet.graph.subscription"
"blocks","1","pub.leaflet.document"
"commit","1","pub.leaflet.document"
"validationStatus","1","pub.leaflet.document"
"block","1","pub.leaflet.document"
"rev","1","pub.leaflet.document"
"base_path","1","pub.leaflet.publication"
"showComments","1","pub.leaflet.publication"
"showInDiscover","1","pub.leaflet.publication"
"gameText","1","run.val.qbat.game.v1"
"items","1","sc.nexus.feed.post"
"subjects","1","self.tanglifications.log"
"bsky","1","self.tanglifications.log"
"tngl","1","self.tanglifications.log"
"cursor","1","self.tanglifications.state"
"bluesky","1","sh.tangled.actor.profile"
"pinnedRepositories","1","sh.tangled.actor.profile"
"reaction","1","sh.tangled.feed.reaction"
"multiple","1","sh.tangled.label.definition"
"scope","1","sh.tangled.label.definition"
"valueType","1","sh.tangled.label.definition"
"add","1","sh.tangled.label.op"
"performedAt","1","sh.tangled.label.op"
"knot","1","sh.tangled.repo"
"artifact","1","sh.tangled.repo.artifact"
"issue","2","sh.tangled.repo.issue.state;sh.tangled.repo.issue.comment"
"pull","1","sh.tangled.repo.pull.comment"
"patch","1","sh.tangled.repo.pull"
"branch","1","sh.tangled.repo.pull"
"sha","1","sh.tangled.repo.pull"
"instance","1","sh.tangled.spindle.member"
"contents","2","sh.tangled.string;space.essem.file.dir"
"visitedAt","1","site.freakybob.visited"
"bskyCommentsPostUri","1","sky.write.on.pages"
"coverImage","1","sky.write.on.pages"
"recommended","1","sky.write.on.pages"
"shortDescription","1","sky.write.on.pages"
"sound","1","so.sprk.feed.audio"
"versioningEnabled","1","social.bucket.can.mapping"
"versions","1","social.bucket.can.mapping"
"uploadedAt","1","social.bucket.can.mapping"
"languages","1","social.clippr.feed.clip"
"unlisted","1","social.clippr.feed.clip"
"unread","1","social.clippr.feed.clip"
"replyTo","1","social.grain.comment"
"gallery","1","social.grain.gallery.item"
"dateTimeOriginal","1","social.grain.photo.exif"
"exposureTime","1","social.grain.photo.exif"
"fNumber","1","social.grain.photo.exif"
"flash","1","social.grain.photo.exif"
"focalLengthIn35mmFormat","1","social.grain.photo.exif"
"iSO","1","social.grain.photo.exif"
"lensMake","1","social.grain.photo.exif"
"lensModel","1","social.grain.photo.exif"
"make","1","social.grain.photo.exif"
"photo","2","social.grain.photo.exif;social.grain.photo"
"backdropUrl","2","social.popfeed.feed.listItem;social.popfeed.feed.post"
"genres","2","social.popfeed.feed.listItem;social.popfeed.feed.post"
"listType","1","social.popfeed.feed.listItem"
"mainCredit","2","social.popfeed.feed.listItem;social.popfeed.feed.post"
"mainCreditRole","2","social.popfeed.feed.listItem;social.popfeed.feed.post"
"workTitle","1","social.popfeed.feed.post"
"certificate","3","social.skyfi.cert.client;social.skyfi.cert.root;social.skyfi.x509"
"serialNumber","1","social.skyfi.cert.client"
"validUntil","1","social.skyfi.cert.client"
"certificateType","1","social.skyfi.x509"
"reasoning","1","stream.thought.reasoning"
"arguments","1","stream.thought.tool.call"
"tool_call_id","1","stream.thought.tool.call"
"tool_name","1","stream.thought.tool.call"
"members","1","systems.gaze.atfronter.fronter"
"activeCounterId","1","test.example.counter"
"counters","1","test.example.counter"
"userAgent","1","test.example.counter"
"hello","1","test.test.test"
"game","1","tools.atp.borgle.play"
"evaluations","1","tools.atp.borgle.play"
"guess","1","tools.atp.borgle.play"
"accuracy","1","tools.atp.typing.test"
"consistency","1","tools.atp.typing.test"
"dataPoints","1","tools.atp.typing.test"
"ratio","1","tools.atp.typing.test"
"rawWpm","1","tools.atp.typing.test"
"textPrompted","1","tools.atp.typing.test"
"timeMs","1","tools.atp.typing.test"
"wpm","1","tools.atp.typing.test"
"errors","1","tools.atp.typing.test"
"subMode","1","tools.atp.typing.test"
"additionalInfo","1","uk.ewancroft.site.info"
"credits","1","uk.ewancroft.site.info"
"openSourceInfo","1","uk.ewancroft.site.info"
"privacyStatement","1","uk.ewancroft.site.info"
"technologyStack","1","uk.ewancroft.site.info"
"analytics","1","uk.ewancroft.site.info"
"deployment","1","uk.ewancroft.site.info"
"sectionLicense","1","uk.ewancroft.site.info"
"websiteBirthYear","1","uk.ewancroft.site.info"
"section","1","uk.ewancroft.site.info"
"basedOn","1","uk.ewancroft.site.info"
"relatedServices","1","uk.ewancroft.site.info"
"repositories","1","uk.ewancroft.site.info"
"cookiePolicy","1","uk.ewancroft.site.info"
"customDomain","1","uk.ewancroft.site.info"
"relationship","1","uk.ewancroft.site.info"
"additional","1","uk.skyblur.post"
"myPage","1","uk.skyblur.preference"
"isUseMyPage","1","uk.skyblur.preference"
"private","2","us.delicio.bookmark;works.catalog.nowPlaying"
"libver","1","win.tomo-x.atunits.unit"
"albumType","1","works.catalog.album"
"barcode","1","works.catalog.album"
"externalIds","3","works.catalog.album;works.catalog.artist;works.catalog.track"
"recordLabel","1","works.catalog.album"
"assignedAt","1","xyz.addmoresphere.vertexAssignment"
"sphereGeneration","1","xyz.addmoresphere.vertexAssignment"
"vertexId","1","xyz.addmoresphere.vertexAssignment"
"isFoundingMember","1","xyz.addmoresphere.vertexAssignment"
"backLang","1","xyz.flatshcards.stack"
"frontLang","1","xyz.flatshcards.stack"
"j4ck-main-content","1","xyz.j4ck.status"
"durationSeconds","1","xyz.statusphere.pomodoroSession"
"endedAt","1","xyz.statusphere.pomodoroSession"