nsid,domain,url,category,type,quantity,last,
jp.5leaf.sync.mastodon,5leaf.jp,https://5leaf.jp,sync,mastodon,101486,9/24/2025,https://ufos-api.microcosm.blue/records?collection=
stream.thought.reasoning,thought.stream,https://thought.stream,reasoning,,47738,9/24/2025,
stream.thought.tool.call,thought.stream,https://thought.stream,tool,call,41178,9/24/2025,
net.anisota.beta.game.log,anisota.net,https://anisota.net,beta,game,34941,9/24/2025,
blue.flashes.feed.post,flashes.blue,https://flashes.blue,feed,post,32168,9/24/2025,
fm.teal.alpha.feed.play,teal.fm,https://teal.fm,alpha,feed,18798,9/24/2025,
app.rocksky.song,rocksky.app,https://rocksky.app,song,,15631,9/24/2025,
place.stream.chat.message,stream.place,https://stream.place,chat,message,13750,9/24/2025,
app.rocksky.scrobble,rocksky.app,https://rocksky.app,scrobble,,13267,9/24/2025,
buzz.bookhive.book,bookhive.buzz,https://bookhive.buzz,book,,12502,9/24/2025,
net.anisota.beta.game.session,anisota.net,https://anisota.net,beta,game,9530,9/24/2025,
net.anisota.beta.game.session,thought.stream,https://thought.stream,ack,,10444,9/24/2025,
app.popsky.listItem,popsky.app,https://popsky.app,listItem,,7895,9/23/2025,
net.anisota.beta.game.progress,anisota.net,https://anisota.net,beta,game,8777,9/24/2025,
com.whtwnd.blog.entry,whtwnd.com,https://whtwnd.com,blog,entry,8658,9/24/2025,
blue.flashes.actor.portfolio,flashes.blue,https://flashes.blue,actor,portfolio,6655,9/24/2025,
net.anisota.beta.game.inventory,anisota.net,https://anisota.net,beta,game,6353,9/24/2025,
uk.skyblur.post,skyblur.uk,https://skyblur.uk,post,,4991,9/24/2025,
blue.flashes.actor.profile,flashes.blue,https://flashes.blue,actor,profile,4436,9/24/2025,
org.xcvr.lrc.signet,xcvr.org,https://xcvr.org,lrc,signet,3781,9/23/2025,
app.rocksky.album,rocksky.app,https://rocksky.app,album,,3590,9/24/2025,
org.xcvr.lrc.message,xcvr.org,https://xcvr.org,lrc,message,3501,9/23/2025,
blog.pckt.post,pckt.blog,https://pckt.blog,post,,1843,9/24/2025,
social.popfeed.feed.listItem,popfeed.social,https://popfeed.social,feed,listItem,2663,9/24/2025,
social.pinksky.app.preference,pinksky.social,https://pinksky.social,app,preference,2221,9/24/2025,
app.popsky.review,popsky.app,https://popsky.app,review,,1915,9/23/2025,
sh.tangled.repo,tangled.sh,https://tangled.sh,repo,,1908,9/24/2025,
pub.leaflet.publication,leaflet.pub,https://leaflet.pub,publication,,2288,9/24/2025,
app.rocksky.artist,rocksky.app,https://rocksky.app,artist,,2202,9/24/2025,
pub.leaflet.document,leaflet.pub,https://leaflet.pub,document,,2010,9/24/2025,
systems.gaze.atfronter.fronter,gaze.systems,https://gaze.systems,atfronter,fronter,1955,9/24/2025,
sh.tangled.spindle.member,tangled.sh,https://tangled.sh,spindle,member,1735,9/24/2025,
sh.tangled.feed.star,tangled.sh,https://tangled.sh,feed,star,1621,9/24/2025,
sh.tangled.graph.follow,tangled.sh,https://tangled.sh,graph,follow,1658,9/24/2025,
net.anisota.beta.game.collection,anisota.net,https://anisota.net,beta,game,1565,9/24/2025,
blue.2048.player.stats,2048.blue,https://2048.blue,player,stats,1520,9/24/2025,
org.scrapboard.listitem,scrapboard.org,https://scrapboard.org,listitem,,1389,9/24/2025,
stream.thought.blip,thought.stream,https://thought.stream,blip,,1501,9/24/2025,
blue.2048.game,2048.blue,https://2048.blue,game,,1484,9/24/2025,
pub.leaflet.graph.subscription,leaflet.pub,https://leaflet.pub,graph,subscription,1319,9/24/2025,
net.anisota.beta.game.pack,anisota.net,https://anisota.net,beta,game,1332,9/24/2025,
farm.smol.games.skyrdle.score,smol.farm,https://smol.farm,games,skyrdle,1222,9/24/2025,
farm.smol.games.skyrdle.player.score,smol.farm,https://smol.farm,games,skyrdle,1225,9/24/2025,
blog.pckt.publication,pckt.blog,https://pckt.blog,publication,,923,9/24/2025,
stream.thought.journal.day,thought.stream,https://thought.stream,journal,day,1115,9/4/2025,
index.phone.state,phone.index,https://phone.index,state,,0,7/21/2025,
place.stream.key,stream.place,https://stream.place,key,,975,9/24/2025,
ar.cabildoabierto.wiki.topicVersion,cabildoabierto.ar,https://cabildoabierto.ar,wiki,topicVersion,1036,9/17/2025,
community.lexicon.calendar.event,lexicon.community,https://lexicon.community,calendar,event,939,9/24/2025,
sh.tangled.actor.profile,tangled.sh,https://tangled.sh,actor,profile,936,9/24/2025,
sh.tangled.repo.pull,tangled.sh,https://tangled.sh,repo,pull,893,9/24/2025,
blog.pckt.blog,pckt.blog,https://pckt.blog,blog,,761,9/19/2025,
sh.tangled.publicKey,tangled.sh,https://tangled.sh,publicKey,,659,9/24/2025,
social.grain.gallery.item,grain.social,https://grain.social,gallery,item,666,9/24/2025,
com.germnetwork.keypackage,germnetwork.com,https://germnetwork.com,keypackage,,709,9/23/2025,
blue.rito.feed.bookmark,rito.blue,https://rito.blue,feed,bookmark,678,9/24/2025,
social.popfeed.feed.review,popfeed.social,https://popfeed.social,feed,review,734,9/24/2025,
social.grain.photo,grain.social,https://grain.social,photo,,657,9/24/2025,
industries.geesawra.website,geesawra.industries,https://geesawra.industries,website,,350,8/4/2025,
app.popsky.list,popsky.app,https://popsky.app,list,,508,9/23/2025,
xyz.statusphere.status,statusphere.xyz,https://statusphere.xyz,status,,588,9/24/2025,
place.stream.chat.profile,stream.place,https://stream.place,chat,profile,616,9/24/2025,
com.fadeecho.status,fadeecho.com,https://fadeecho.com,status,,609,8/29/2025,
so.sprk.feed.like,sprk.so,https://sprk.so,feed,like,548,9/24/2025,
sh.tangled.knot.member,tangled.sh,https://tangled.sh,knot,member,591,9/24/2025,
me.skyspace.aesthetics,skyspace.me,https://skyspace.me,aesthetics,,307,9/23/2025,
place.stream.server.settings,stream.place,https://stream.place,server,settings,433,9/23/2025,
com.welistskyblue.list.item,welistskyblue.com,https://welistskyblue.com,list,item,465,9/24/2025,
place.stream.livestream,stream.place,https://stream.place,livestream,,493,9/24/2025,
net.anisota.settings,anisota.net,https://anisota.net,settings,,499,9/22/2025,
is.dame.s.iphone.okay,dame.is,https://dame.is,s,iphone,494,8/13/2025,
chat.roomy.v0.images,roomy.chat,https://roomy.chat,v0,images,468,9/23/2025,
community.lexicon.calendar.rsvp,lexicon.community,https://lexicon.community,calendar,rsvp,472,9/24/2025,
ai.hypgen.hypothesis,hypgen.ai,https://hypgen.ai,hypothesis,,466,9/24/2025,
com.welistskyblue.list.collection,welistskyblue.com,https://welistskyblue.com,list,collection,447,9/24/2025,
stream.thought.journal.month,thought.stream,https://thought.stream,journal,month,434,9/4/2025,
com.bibliome.book,bibliome.com,https://bibliome.com,book,,424,9/15/2025,
social.grain.photo.exif,grain.social,https://grain.social,photo,exif,368,9/24/2025,
com.shadowsky.columns,shadowsky.com,https://shadowsky.com,columns,,397,9/24/2025,
sh.tangled.string,tangled.sh,https://tangled.sh,string,,364,9/24/2025,
social.pipup.blog.entry,pipup.social,https://pipup.social,blog,entry,272,9/18/2025,
sh.tangled.repo.issue.comment,tangled.sh,https://tangled.sh,repo,issue,350,9/24/2025,
tools.atp.typing.test,atp.tools,https://atp.tools,typing,test,340,9/24/2025,
sh.tangled.repo.issue,tangled.sh,https://tangled.sh,repo,issue,310,9/24/2025,
app.sonasky.ref,sonasky.app,https://sonasky.app,ref,,304,9/24/2025,
im.flushing.right.now,flushing.im,https://flushing.im,right,now,309,9/24/2025,
app.popsky.profile,popsky.app,https://popsky.app,profile,,281,9/23/2025,
com.limeleaf.fountain.doc,limeleaf.com,https://limeleaf.com,fountain,doc,285,8/30/2025,
stream.thought.journal.year,thought.stream,https://thought.stream,journal,year,298,9/4/2025,
app.yoten.feed.session,yoten.app,https://yoten.app,feed,session,282,9/24/2025,
com.atproto.lexicon.schema,atproto.com,https://atproto.com,lexicon,schema,210,9/23/2025,
app.rocksky.like,rocksky.app,https://rocksky.app,like,,278,9/24/2025,
so.sprk.actor.profile,sprk.so,https://sprk.so,actor,profile,277,9/22/2025,
pub.leaflet.comment,leaflet.pub,https://leaflet.pub,comment,,232,9/24/2025,
sh.tangled.knot,tangled.sh,https://tangled.sh,knot,,198,9/24/2025,
chat.flock.experimental.message,flock.chat,https://flock.chat,experimental,message,263,9/24/2025,
app.hyper-limit.bookmark,hyper-limit.app,https://hyper-limit.app,bookmark,,161,9/23/2025,
social.sign.blog.entry,sign.social,https://sign.social,blog,entry,193,8/25/2025,
sh.tangled.repo.pull.comment,tangled.sh,https://tangled.sh,repo,pull,253,9/23/2025,
com.skybemoreblue.intro.introduction,skybemoreblue.com,https://skybemoreblue.com,intro,introduction,249,9/23/2025,
net.anisota.feed.listItem,anisota.net,https://anisota.net,feed,listItem,238,9/20/2025,
space.aoisora.bookmark,aoisora.space,https://aoisora.space,bookmark,,241,9/23/2025,
com.shinolabs.pinksea.oekaki,shinolabs.com,https://shinolabs.com,pinksea,oekaki,223,9/24/2025,
com.example.atpwg.invites,example.com,https://example.com,atpwg,invites,139,8/17/2025,
social.grain.favorite,grain.social,https://grain.social,favorite,,195,9/24/2025,
social.popfeed.feed.list,popfeed.social,https://popfeed.social,feed,list,214,9/24/2025,
com.shadowsky.preferences,shadowsky.com,https://shadowsky.com,preferences,,215,9/24/2025,
social.skyfi.x509,skyfi.social,https://skyfi.social,x509,,113,8/28/2025,
place.stream.default.metadata,stream.place,https://stream.place,default,metadata,187,8/18/2025,
dev.skywell.file,skywell.dev,https://skywell.dev,file,,153,9/24/2025,
app.popsky.like,popsky.app,https://popsky.app,like,,171,9/21/2025,
app.koda.feed.like,koda.app,https://koda.app,feed,like,173,9/23/2025,
uk.skyblur.preference,skyblur.uk,https://skyblur.uk,preference,,195,9/24/2025,
ai.numinex.v2.data.post,numinex.ai,https://numinex.ai,v2,data,191,8/22/2025,
com.welistskyblue.list.like,welistskyblue.com,https://welistskyblue.com,list,like,197,9/24/2025,
social.grain.actor.profile,grain.social,https://grain.social,actor,profile,192,9/24/2025,
blue.linkat.board,linkat.blue,https://linkat.blue,board,,188,9/23/2025,
net.anisota.feed.post,anisota.net,https://anisota.net,feed,post,190,9/22/2025,
social.pinksky.app.collection,pinksky.social,https://pinksky.social,app,collection,122,9/24/2025,
network.slices.waitlist.request,slices.network,https://slices.network,waitlist,request,180,9/24/2025,
com.protruth.feed.post,protruth.com,https://protruth.com,feed,post,163,9/23/2025,
social.grain.gallery,grain.social,https://grain.social,gallery,,128,9/24/2025,
sh.tangled.label.op,tangled.sh,https://tangled.sh,label,op,165,9/24/2025,
club.feeed.submission,feeed.club,https://feeed.club,submission,,169,9/17/2025,
network.slices.lexicon,slices.network,https://slices.network,lexicon,,136,9/24/2025,
fyi.unravel.frontpage.vote,unravel.fyi,https://unravel.fyi,frontpage,vote,162,9/23/2025,
io.zzstoatzz.status.record,zzstoatzz.io,https://zzstoatzz.io,status,record,142,9/24/2025,
so.sprk.feed.post,sprk.so,https://sprk.so,feed,post,99,9/24/2025,
app.ocho.plugin.assets,ocho.app,https://ocho.app,plugin,assets,150,8/20/2025,
com.bibliome.bookshelf,bibliome.com,https://bibliome.com,bookshelf,,137,9/21/2025,
app.ocho.plugin.manifest,ocho.app,https://ocho.app,plugin,manifest,146,8/20/2025,
chat.roomy.profile,roomy.chat,https://roomy.chat,profile,,135,9/21/2025,
app.netlify.aniblue.status,netlify.app,https://netlify.app,aniblue,status,141,9/24/2025,
game.protonauts.player,protonauts.game,https://protonauts.game,player,,137,7/25/2025,
sh.tangled.feed.reaction,tangled.sh,https://tangled.sh,feed,reaction,126,9/24/2025,
net.limeleaf.tap.doc,limeleaf.net,https://limeleaf.net,tap,doc,133,9/3/2025,
place.stream.metadata.configuration,stream.place,https://stream.place,metadata,configuration,121,9/3/2025,
network.cosmik.card,cosmik.network,https://cosmik.network,card,,113,9/24/2025,
social.slices.slice,slices.social,https://slices.social,slice,,84,9/11/2025,
com.welistskyblue.list.comment,welistskyblue.com,https://welistskyblue.com,list,comment,94,9/24/2025,
is.dame.now,dame.is,https://dame.is,now,,112,9/23/2025,
self.tanglifications.state,tanglifications.self,https://tanglifications.self,state,,108,9/22/2025,
net.anisota.feed.list,anisota.net,https://anisota.net,feed,list,99,9/22/2025,
me.atpub.identity.service,atpub.me,https://atpub.me,identity,service,77,9/16/2025,
org.devcon.event,devcon.org,https://devcon.org,event,,101,9/24/2025,
app.skytube.graph.favorite,skytube.app,https://skytube.app,graph,favorite,85,8/27/2025,
social.slices.lexicon,slices.social,https://slices.social,lexicon,,68,9/11/2025,
ar.cabildoabierto.feed.article,cabildoabierto.ar,https://cabildoabierto.ar,feed,article,76,9/23/2025,
blue.rito.service.schema,rito.blue,https://rito.blue,service,schema,86,9/22/2025,
net.anisota.feed.like,anisota.net,https://anisota.net,feed,like,81,9/23/2025,
app.skyart.preferences,skyart.app,https://skyart.app,preferences,,85,8/15/2025,
social.popfeed.actor.profile,popfeed.social,https://popfeed.social,actor,profile,95,9/24/2025,
com.shinolabs.pinksea.profile,shinolabs.com,https://shinolabs.com,pinksea,profile,94,9/21/2025,
sh.tangled.label.definition,tangled.sh,https://tangled.sh,label,definition,50,9/24/2025,
org.scrapboard.list,scrapboard.org,https://scrapboard.org,list,,84,9/24/2025,
network.cosmik.collectionLink,cosmik.network,https://cosmik.network,collectionLink,,77,9/23/2025,
a.status.update,status.a,https://status.a,update,,87,9/22/2025,
link.woosh.linkPage,woosh.link,https://woosh.link,linkPage,,86,9/24/2025,
my.skylights.rel,skylights.my,https://skylights.my,rel,,74,9/23/2025,
app.tcg.card,tcg.app,https://tcg.app,card,,42,9/19/2025,
app.gainforest.organization.info,gainforest.app,https://gainforest.app,organization,info,81,9/17/2025,
fyi.unravel.frontpage.post,unravel.fyi,https://unravel.fyi,frontpage,post,71,9/24/2025,
app.skytube.video.save,skytube.app,https://skytube.app,video,save,71,9/17/2025,
app.gainforest.organization.tags,gainforest.app,https://gainforest.app,organization,tags,78,9/17/2025,
app.gainforest.organization.metrics,gainforest.app,https://gainforest.app,organization,metrics,78,9/17/2025,
app.gainforest.organization.links,gainforest.app,https://gainforest.app,organization,links,78,9/17/2025,
app.gainforest.organization.registry,gainforest.app,https://gainforest.app,organization,registry,78,9/17/2025,
sh.tangled.repo.collaborator,tangled.sh,https://tangled.sh,repo,collaborator,75,9/22/2025,
app.shadowsky.preferences,shadowsky.app,https://shadowsky.app,preferences,,75,9/3/2025,
io.hop.dedyn.crawler.feeds.embeddings,hop.io,https://hop.io,dedyn,crawler,0,8/3/2025,
app.bikesky.communityBot.commandPrompt,bikesky.app,https://bikesky.app,communityBot,commandPrompt,74,9/19/2025,
app.yoten.feed.reaction,yoten.app,https://yoten.app,feed,reaction,65,9/24/2025,
net.hrkn.personas.bookmark,hrkn.net,https://hrkn.net,personas,bookmark,38,9/12/2025,
app.yoten.feed.comment,yoten.app,https://yoten.app,feed,comment,39,9/22/2025,
com.welistskyblue.list.congrats,welistskyblue.com,https://welistskyblue.com,list,congrats,71,9/24/2025,
me.skyspace.content,skyspace.me,https://skyspace.me,content,,43,9/23/2025,
app.gainforest.organization.defaultSite,gainforest.app,https://gainforest.app,organization,defaultSite,69,9/17/2025,
self.tanglifications.log,tanglifications.self,https://tanglifications.self,log,,62,9/22/2025,
org.chaoticharmonylabs.orbits.orbit,chaoticharmonylabs.org,https://chaoticharmonylabs.org,orbits,orbit,34,8/30/2025,
app.koda.feed.post,koda.app,https://koda.app,feed,post,65,9/23/2025,
st.snowpo.post,snowpo.st,https://snowpo.st,post,,60,9/23/2025,
social.impro.endorsement,impro.social,https://impro.social,endorsement,,52,8/18/2025,
sh.tangled.repo.issue.state,tangled.sh,https://tangled.sh,repo,issue,65,9/2/2025,
blue.protopro.actor.profile,protopro.blue,https://protopro.blue,actor,profile,66,9/23/2025,
org.xcvr.feed.channel,xcvr.org,https://xcvr.org,feed,channel,66,8/20/2025,
social.popfeed.feed.note,popfeed.social,https://popfeed.social,feed,note,40,9/24/2025,
sh.tangled.spindle,tangled.sh,https://tangled.sh,spindle,,45,9/24/2025,
org.chaoticharmonylabs.orbits.feed,chaoticharmonylabs.org,https://chaoticharmonylabs.org,orbits,feed,32,8/30/2025,
app.gridsky.preferences,gridsky.app,https://gridsky.app,preferences,,62,9/18/2025,
com.alephcubed.starmark.review,alephcubed.com,https://alephcubed.com,starmark,review,42,9/21/2025,
app.koda.feed.post.reply,koda.app,https://koda.app,feed,post,58,9/24/2025,
com.shadowsky.bookmark,shadowsky.com,https://shadowsky.com,bookmark,,31,9/3/2025,
social.grain.graph.follow,grain.social,https://grain.social,graph,follow,46,9/24/2025,
space.roomy.stream,roomy.space,https://roomy.space,stream,,31,9/23/2025,
network.cosmik.collection,cosmik.network,https://cosmik.network,collection,,54,9/24/2025,
dev.baileytownsend.health.steps,baileytownsend.dev,https://baileytownsend.dev,health,steps,57,9/24/2025,
fm.teal.alpha.actor.status,teal.fm,https://teal.fm,alpha,actor,56,9/24/2025,
so.sprk.graph.follow,sprk.so,https://sprk.so,graph,follow,47,9/24/2025,
com.ruthub.kanban,ruthub.com,https://ruthub.com,kanban,,54,9/14/2025,
app.navyfragen.message,navyfragen.app,https://navyfragen.app,message,,30,9/2/2025,
com.example.ft.topic.post,example.com,https://example.com,ft,topic,38,8/4/2025,
lol.tapapp.tap.doc,tapapp.lol,https://tapapp.lol,tap,doc,44,9/19/2025,
so.sprk.feed.story,sprk.so,https://sprk.so,feed,story,38,9/19/2025,
app.yoten.actor.profile,yoten.app,https://yoten.app,actor,profile,47,9/19/2025,
com.protruth.feed.postLink,protruth.com,https://protruth.com,feed,postLink,38,9/23/2025,
game.protonauts.inventory,protonauts.game,https://protonauts.game,inventory,,47,7/25/2025,
blue.badge.collection,badge.blue,https://badge.blue,collection,,44,9/22/2025,
com.wamellow.bridge.discord,wamellow.com,https://wamellow.com,bridge,discord,47,9/23/2025,
com.protruth.app.feed.post,protruth.com,https://protruth.com,app,feed,9,8/4/2025,
social.slices.actor.profile,slices.social,https://slices.social,actor,profile,42,9/11/2025,
life.smol.installed,smol.life,https://smol.life,installed,,40,9/20/2025,
io.github.yourusername.feeds.embeddings,github.io,https://github.io,yourusername,feeds,0,8/3/2025,
place.stream.live.metadata,stream.place,https://stream.place,live,metadata,24,8/13/2025,
app.skyart.like,skyart.app,https://skyart.app,like,,23,8/16/2025,
app.koda.feed.repost,koda.app,https://koda.app,feed,repost,39,9/23/2025,
community.lexicon.bookmarks.bookmark,lexicon.community,https://lexicon.community,bookmarks,bookmark,32,9/23/2025,
social.grain.comment,grain.social,https://grain.social,comment,,32,9/23/2025,
network.slices.waitlist.invite,slices.network,https://slices.network,waitlist,invite,21,9/19/2025,
xyz.sliceat.slice,sliceat.xyz,https://sliceat.xyz,slice,,21,8/22/2025,
org.chaoticharmonylabs.orbits.profile,chaoticharmonylabs.org,https://chaoticharmonylabs.org,orbits,profile,26,8/30/2025,
app.popsky.comment,popsky.app,https://popsky.app,comment,,27,9/23/2025,
dev.m1emi1em.blog.postRef,m1emi1em.dev,https://m1emi1em.dev,blog,postRef,20,8/20/2025,
org.bluepocket.v1.save,bluepocket.org,https://bluepocket.org,v1,save,21,9/22/2025,
community.lexicon.lexicons,lexicon.community,https://lexicon.community,lexicons,,26,8/22/2025,
network.slices.slice,slices.network,https://slices.network,slice,,23,9/23/2025,
my.skylights.listItem,skylights.my,https://skylights.my,listItem,,33,9/18/2025,
community.lexicon.lexicons.history,lexicon.community,https://lexicon.community,lexicons,history,17,8/22/2025,
blue.zio.bsky2tg.post,zio.blue,https://zio.blue,bsky2tg,post,22,9/13/2025,
app.yoten.feed.resource,yoten.app,https://yoten.app,feed,resource,30,9/19/2025,
net.nornoe.avatarArchive,nornoe.net,https://nornoe.net,avatarArchive,,33,9/21/2025,
com.cityboundforest.blog,cityboundforest.com,https://cityboundforest.com,blog,,32,9/1/2025,
community.lexicon.location.address,lexicon.community,https://lexicon.community,location,address,32,9/21/2025,
exchange.recipe.recipe,recipe.exchange,https://recipe.exchange,recipe,,32,9/18/2025,
uk.ewancroft.now,ewancroft.uk,https://ewancroft.uk,now,,31,9/23/2025,
club.stellz.evm.addressControl,stellz.club,https://stellz.club,evm,addressControl,22,9/1/2025,
beauty.cybernetic.trustcow.transaction,cybernetic.beauty,https://cybernetic.beauty,trustcow,transaction,30,7/28/2025,
chat.roomy.v0.videos,roomy.chat,https://roomy.chat,v0,videos,30,8/16/2025,
blue.2048.player.profile,2048.blue,https://2048.blue,player,profile,28,9/18/2025,
ar.cabildoabierto.actor.caProfile,cabildoabierto.ar,https://cabildoabierto.ar,actor,caProfile,27,8/24/2025,
tools.atp.borgle.play,atp.tools,https://atp.tools,borgle,play,29,9/24/2025,
com.inkreaders.exercise.post,inkreaders.com,https://inkreaders.com,exercise,post,29,9/19/2025,
dev.baileytownsend.health.workout,baileytownsend.dev,https://baileytownsend.dev,health,workout,29,9/24/2025,
social.popfeed.feed.like,popfeed.social,https://popfeed.social,feed,like,27,9/24/2025,
app.skyart.comment,skyart.app,https://skyart.app,comment,,17,8/15/2025,
fyi.unravel.frontpage.comment,unravel.fyi,https://unravel.fyi,frontpage,comment,25,9/23/2025,
app.skyart.post,skyart.app,https://skyart.app,post,,15,8/15/2025,
app.yoten.graph.follow,yoten.app,https://yoten.app,graph,follow,21,9/11/2025,
xyz.hypersphere.status,hypersphere.xyz,https://hypersphere.xyz,status,,22,8/30/2025,
pet.nkp.file,nkp.pet,https://nkp.pet,file,,14,8/17/2025,
app.yoten.activity.def,yoten.app,https://yoten.app,activity,def,21,9/21/2025,
fail.tree.identity.claim,tree.fail,https://tree.fail,identity,claim,24,9/1/2025,
net.dracoblue.poing,dracoblue.net,https://dracoblue.net,poing,,25,9/24/2025,
social.clippr.actor.profile,clippr.social,https://clippr.social,actor,profile,21,8/26/2025,
dev.at-studio.test.xrpc.collection,at-studio.dev,https://at-studio.dev,test,xrpc,15,8/26/2025,
app.ocho.state.id,ocho.app,https://ocho.app,state,id,13,8/8/2025,
chat.flock.experimental.customview,flock.chat,https://flock.chat,experimental,customview,24,8/1/2025,
org.xcvr.actor.profile,xcvr.org,https://xcvr.org,actor,profile,23,9/13/2025,
app.truanon.label,truanon.app,https://truanon.app,label,,12,9/20/2025,
ar.cabildoabierto.data.dataset,cabildoabierto.ar,https://cabildoabierto.ar,data,dataset,16,9/17/2025,
app.gainforest.profile,gainforest.app,https://gainforest.app,profile,,22,9/1/2025,
com.lfs-pds.pointer,lfs-pds.com,https://lfs-pds.com,pointer,,14,8/17/2025,
dev.at-studio.test.xrpc.request,at-studio.dev,https://at-studio.dev,test,xrpc,21,8/26/2025,
io.zzstoatzz.cdn.image,zzstoatzz.io,https://zzstoatzz.io,cdn,image,21,9/20/2025,
org.bluepocket.v1.link,bluepocket.org,https://bluepocket.org,v1,link,21,9/22/2025,
blue.flashes.actor.mediaFilter,flashes.blue,https://flashes.blue,actor,mediaFilter,14,9/24/2025,
app.flashes.feed.post,flashes.app,https://flashes.app,feed,post,21,8/24/2025,
space.roomy.image,roomy.space,https://roomy.space,image,,18,9/23/2025,
com.atprofile.beta.profile,atprofile.com,https://atprofile.com,beta,profile,20,9/24/2025,
social.impro.nodeRegistration,impro.social,https://impro.social,nodeRegistration,,12,8/18/2025,
network.doing.activity,doing.network,https://doing.network,activity,,18,9/17/2025,
moe.hayden.blogi.actor.profile,hayden.moe,https://hayden.moe,blogi,actor,10,8/17/2025,
net.anisota.graph.mute,anisota.net,https://anisota.net,graph,mute,11,9/3/2025,
xyz.jeroba.tags.tagged,jeroba.xyz,https://jeroba.xyz,tags,tagged,18,9/2/2025,
com.example.ft.topic.reaction,example.com,https://example.com,ft,topic,16,8/4/2025,
com.imlunahey.pdf,imlunahey.com,https://imlunahey.com,pdf,,18,9/22/2025,
so.sprk.feed.audio,sprk.so,https://sprk.so,feed,audio,12,8/26/2025,
network.slices.actor.profile,slices.network,https://slices.network,actor,profile,16,9/17/2025,
tools.smokesignal.blahg.content.post,smokesignal.tools,https://smokesignal.tools,blahg,content,18,8/20/2025,
community.lexicon.atpublish.mdpost,lexicon.community,https://lexicon.community,atpublish,mdpost,12,8/16/2025,
sh.tangled.repo.artifact,tangled.sh,https://tangled.sh,repo,artifact,14,9/23/2025,
dev.pouch.bookmark,pouch.dev,https://pouch.dev,bookmark,,16,9/11/2025,
org.bluepocket.v1.archive,bluepocket.org,https://bluepocket.org,v1,archive,16,9/2/2025,
app.skyart.follow,skyart.app,https://skyart.app,follow,,10,8/15/2025,
app.linkbio.profileCustomization,linkbio.app,https://linkbio.app,profileCustomization,,16,9/23/2025,
com.crabdance.nandi.post,crabdance.com,https://crabdance.com,nandi,post,16,8/9/2025,
blue.atplane.favClient,atplane.blue,https://atplane.blue,favClient,,15,8/16/2025,
net.anisota.game.achievement,anisota.net,https://anisota.net,game,achievement,0,8/12/2025,
com.habitat.docs,habitat.com,https://habitat.com,docs,,15,8/30/2025,
app.gainforest.community,gainforest.app,https://gainforest.app,community,,9,9/1/2025,
com.example.ft.forum.definition,example.com,https://example.com,ft,forum,11,8/4/2025,
org.impactindexer.status,impactindexer.org,https://impactindexer.org,status,,15,9/4/2025,
com.thinkhubtest.initiatives.task,thinkhubtest.com,https://thinkhubtest.com,initiatives,task,15,8/18/2025,
social.impro.managedList,impro.social,https://impro.social,managedList,,14,8/18/2025,
dev.baileytownsend.health.rings,baileytownsend.dev,https://baileytownsend.dev,health,rings,15,9/24/2025,
com.shadowsky.column,shadowsky.com,https://shadowsky.com,column,,10,8/16/2025,
li.plonk.paste,plonk.li,https://plonk.li,paste,,13,8/27/2025,
moe.karashiiro.kpaste.paste,karashiiro.moe,https://karashiiro.moe,kpaste,paste,11,9/24/2025,
tv.rizzler.feed.repost,rizzler.tv,https://rizzler.tv,feed,repost,8,8/1/2025,
app.gridsky.grid,gridsky.app,https://gridsky.app,grid,,14,9/20/2025,
ink.henry.feed.mark,henry.ink,https://henry.ink,feed,mark,7,9/3/2025,
blog.pckt.theme,pckt.blog,https://pckt.blog,theme,,7,9/21/2025,
com.shinolabs.pinksea.preferences,shinolabs.com,https://shinolabs.com,pinksea,preferences,13,8/27/2025,
uk.ewancroft.site.info,ewancroft.uk,https://ewancroft.uk,site,info,8,9/18/2025,
exchange.recipe.profile,recipe.exchange,https://recipe.exchange,profile,,12,8/29/2025,
inc.toronto.discover.beta.profile,toronto.inc,https://toronto.inc,discover,beta,13,8/30/2025,
com.fujocoded.guestbook.gate,fujocoded.com,https://fujocoded.com,guestbook,gate,11,9/15/2025,
dev.fudgeu.experimental.atforumv1.forum.identity,fudgeu.dev,https://fudgeu.dev,experimental,atforumv1,12,9/3/2025,
com.fujocoded.guestbook.submission,fujocoded.com,https://fujocoded.com,guestbook,submission,6,9/15/2025,
ai.syui.verse.user,syui.ai,https://syui.ai,verse,user,12,9/4/2025,
me.atpub.identity.claim,atpub.me,https://atpub.me,identity,claim,12,9/15/2025,
app.koda.feed.blog,koda.app,https://koda.app,feed,blog,12,9/16/2025,
xyz.sliceat.lexicon,sliceat.xyz,https://sliceat.xyz,lexicon,,6,8/22/2025,
local.task.heartbeat,task.local,https://task.local,heartbeat,,12,9/24/2025,
com.hypercert.walletPasskeyTest,hypercert.com,https://hypercert.com,walletPasskeyTest,,11,9/15/2025,
com.limeleaf.tap.doc,limeleaf.com,https://limeleaf.com,tap,doc,11,9/2/2025,
app.skyart.album,skyart.app,https://skyart.app,album,,5,8/14/2025,
xyz.addmoresphere.vertexAssignment,addmoresphere.xyz,https://addmoresphere.xyz,vertexAssignment,,11,8/4/2025,
life.smol.tipJar,smol.life,https://smol.life,tipJar,,7,9/23/2025,
life.smol.resume,smol.life,https://smol.life,resume,,11,9/20/2025,
net.anisota.game.progress,anisota.net,https://anisota.net,game,progress,0,7/28/2025,
coffee.outof.beanPost,outof.coffee,https://outof.coffee,beanPost,,10,9/3/2025,
com.inkreaders.book.post,inkreaders.com,https://inkreaders.com,book,post,10,8/24/2025,
app.skyart.albumPost,skyart.app,https://skyart.app,albumPost,,5,8/14/2025,
fyi.bluelinks.links,bluelinks.fyi,https://bluelinks.fyi,links,,9,9/23/2025,
community.lexicon.calendar.comment,lexicon.community,https://lexicon.community,calendar,comment,10,9/23/2025,
me.ngerakines.test,ngerakines.me,https://ngerakines.me,test,,10,9/18/2025,
app.kollective.follow,kollective.app,https://kollective.app,follow,,0,8/13/2025,
works.catalog.nowPlaying,catalog.works,https://catalog.works,nowPlaying,,9,9/24/2025,
dev.baileytownsend.health.calories,baileytownsend.dev,https://baileytownsend.dev,health,calories,9,7/30/2025,
space.roomy.stream.dev,roomy.space,https://roomy.space,stream,dev,7,9/24/2025,
app.ocho.plugin.service,ocho.app,https://ocho.app,plugin,service,9,9/12/2025,
app.hyper-limit.bookmark.list,hyper-limit.app,https://hyper-limit.app,bookmark,list,3,8/31/2025,
com.newdin.read.thread,newdin.com,https://newdin.com,read,thread,9,8/30/2025,
app.basker.settings,basker.app,https://basker.app,settings,,9,9/24/2025,
win.tomo-x.atunits.unit,tomo-x.win,https://tomo-x.win,atunits,unit,8,9/3/2025,
com.mygame.action,mygame.com,https://mygame.com,action,,9,8/29/2025,
xyz.j4ck.status,j4ck.xyz,https://j4ck.xyz,status,,9,8/4/2025,
com.ruthub.entry,ruthub.com,https://ruthub.com,entry,,9,9/23/2025,
lol.skittr.usertheme,skittr.lol,https://skittr.lol,usertheme,,7,9/20/2025,
net.anisota.feed.draft,anisota.net,https://anisota.net,feed,draft,3,9/3/2025,
party.whey.ft.topic.reaction,whey.party,https://whey.party,ft,topic,7,8/9/2025,
net.anisota.beta.game.dailyRewards,anisota.net,https://anisota.net,beta,game,7,7/29/2025,
works.catalog.track,catalog.works,https://catalog.works,track,,8,9/24/2025,
app.gather.rsvp,gather.app,https://gather.app,rsvp,,8,8/15/2025,
social.clippr.feed.clip,clippr.social,https://clippr.social,feed,clip,5,8/26/2025,
app.atmos.videos,atmos.app,https://atmos.app,videos,,4,8/17/2025,
com.ruthub.item,ruthub.com,https://ruthub.com,item,,8,8/16/2025,
net.anisota.feed.repost,anisota.net,https://anisota.net,feed,repost,6,9/20/2025,
app.popsky.post,popsky.app,https://popsky.app,post,,6,9/14/2025,
buzz.bookhive.buzz,bookhive.buzz,https://bookhive.buzz,buzz,,5,8/7/2025,
party.whey.ft.topic.post,whey.party,https://whey.party,ft,topic,8,8/26/2025,
app.purplespace.feed.post,purplespace.app,https://purplespace.app,feed,post,6,9/23/2025,
social.popfeed.feed.post,popfeed.social,https://popfeed.social,feed,post,5,9/24/2025,
dev.regnault.example,regnault.dev,https://regnault.dev,example,,4,9/22/2025,
app.gainforest.status,gainforest.app,https://gainforest.app,status,,4,9/1/2025,
app.basker.links,basker.app,https://basker.app,links,,5,9/24/2025,
com.lukeacl.development.blobs,lukeacl.com,https://lukeacl.com,development,blobs,3,8/1/2025,
my.test.blob,test.my,https://test.my,blob,,4,8/30/2025,
works.catalog.album,catalog.works,https://catalog.works,album,,7,9/24/2025,
place.stream.chat.gate,stream.place,https://stream.place,chat,gate,7,9/16/2025,
app.koda.feed.replyvote,koda.app,https://koda.app,feed,replyvote,6,9/23/2025,
com.fujocoded.guestbook.book,fujocoded.com,https://fujocoded.com,guestbook,book,5,9/22/2025,
app.musicscrobbler.scrobble,musicscrobbler.app,https://musicscrobbler.app,scrobble,,7,8/28/2025,
app.protoboard.item,protoboard.app,https://protoboard.app,item,,0,8/13/2025,
fm.teal.alpha.actor.profile,teal.fm,https://teal.fm,alpha,actor,7,9/24/2025,
works.catalog.scrobble,catalog.works,https://catalog.works,scrobble,,7,9/24/2025,
dev.indexx.echo.threadmute,indexx.dev,https://indexx.dev,echo,threadmute,6,7/27/2025,
app.azsky.feed.longpost,azsky.app,https://azsky.app,feed,longpost,6,9/19/2025,
social.clippr.feed.tag,clippr.social,https://clippr.social,feed,tag,4,8/26/2025,
dev.fudgeu.experimental.atforumv1.feed.post,fudgeu.dev,https://fudgeu.dev,experimental,atforumv1,7,9/16/2025,
app.koda.graph.follow,koda.app,https://koda.app,graph,follow,7,9/21/2025,
com.thinkhubtest.initiatives.settings,thinkhubtest.com,https://thinkhubtest.com,initiatives,settings,7,9/15/2025,
one.atpage.page,atpage.one,https://atpage.one,page,,7,8/14/2025,
network.slices.waiting,slices.network,https://slices.network,waiting,,3,9/17/2025,
com.lukeacl.bot.animal.assignment,lukeacl.com,https://lukeacl.com,bot,animal,4,7/24/2025,
com.hypercert.walletAttestationTest,hypercert.com,https://hypercert.com,walletAttestationTest,,6,9/11/2025,
dev.mikchan.atfs.data,mikchan.dev,https://mikchan.dev,atfs,data,6,9/18/2025,
ink.henry.feed.trail,henry.ink,https://henry.ink,feed,trail,3,9/3/2025,
app.linkbio.settings,linkbio.app,https://linkbio.app,settings,,6,9/24/2025,
run.val.qbat.game.v1,val.run,https://val.run,qbat,game,5,9/16/2025,
xyz.statusphere.pomodoroSession,statusphere.xyz,https://statusphere.xyz,pomodoroSession,,5,9/17/2025,
dev.starfall.rss.star,starfall.dev,https://starfall.dev,rss,star,5,8/26/2025,
com.marketplace.listing,marketplace.com,https://marketplace.com,listing,,5,8/10/2025,
live.grayhaze.actor.channel,grayhaze.live,https://grayhaze.live,actor,channel,5,9/13/2025,
app.linkbio.links,linkbio.app,https://linkbio.app,links,,5,9/24/2025,
cloud.soundsky.audio,soundsky.cloud,https://soundsky.cloud,audio,,5,9/16/2025,
is.dame.counting.turtles,dame.is,https://dame.is,counting,turtles,5,9/23/2025,
xyz.statuscity.status,statuscity.xyz,https://statuscity.xyz,status,,3,9/19/2025,
net.anisota.beta.game.specimen,anisota.net,https://anisota.net,beta,game,3,7/29/2025,
blue.zio.atfile.upload,zio.blue,https://zio.blue,atfile,upload,3,9/23/2025,
social.atexplore.verifiers,atexplore.social,https://atexplore.social,verifiers,,4,9/2/2025,
app.basker.widgets,basker.app,https://basker.app,widgets,,3,9/24/2025,
app.juttu.blogpost,juttu.app,https://juttu.app,blogpost,,5,8/3/2025,
is.sherman.dev.article,sherman.is,https://sherman.is,dev,article,5,9/23/2025,
com.shadowsky.bookmarks,shadowsky.com,https://shadowsky.com,bookmarks,,5,9/3/2025,
tools.ozone.moderation.event,ozone.tools,https://ozone.tools,moderation,event,5,8/5/2025,
dev.atcities.route,atcities.dev,https://atcities.dev,route,,5,9/24/2025,
social.impro.nodeStatus,impro.social,https://impro.social,nodeStatus,,3,8/11/2025,
chat.roomy.01JPNX7AA9BSM6TY2GWW1TR5V7.catalog,roomy.chat,https://roomy.chat,01JPNX7AA9BSM6TY2GWW1TR5V7,catalog,0,9/1/2025,
community.lexicon.badge.award,lexicon.community,https://lexicon.community,badge,award,4,9/1/2025,
game.protonauts.critters,protonauts.game,https://protonauts.game,critters,,4,8/7/2025,
app.myclient.bookmark,myclient.app,https://myclient.app,bookmark,,3,8/23/2025,
com.skybemoreblue.social.intro.rejection,skybemoreblue.com,https://skybemoreblue.com,social,intro,4,9/2/2025,
com.fadeecho.loggedIn,fadeecho.com,https://fadeecho.com,loggedIn,,4,8/29/2025,
app.linkbio.link,linkbio.app,https://linkbio.app,link,,3,9/22/2025,
dev.baileytownsend.test,baileytownsend.dev,https://baileytownsend.dev,test,,4,7/23/2025,
best.akizuki.blahglegacy.post,akizuki.best,https://akizuki.best,blahglegacy,post,4,9/21/2025,
net.aftertheinter.coolthingtwo,aftertheinter.net,https://aftertheinter.net,coolthingtwo,,4,8/11/2025,
xyz.jeroba.tags.tag,jeroba.xyz,https://jeroba.xyz,tags,tag,2,8/14/2025,
app.kollective.catalog,kollective.app,https://kollective.app,catalog,,0,8/13/2025,
org.owdproject.application.windows,owdproject.org,https://owdproject.org,application,windows,4,8/6/2025,
space.essem.file.dir,essem.space,https://essem.space,file,dir,4,8/23/2025,
app.rocksky.shout,rocksky.app,https://rocksky.app,shout,,4,8/30/2025,
dev.indexx.papertrail.book,indexx.dev,https://indexx.dev,papertrail,book,3,8/4/2025,
works.catalog.artist,catalog.works,https://catalog.works,artist,,4,9/24/2025,
test.example.counter,example.test,https://example.test,counter,,3,7/22/2025,
com.thinkhubtest.userKeys,thinkhubtest.com,https://thinkhubtest.com,userKeys,,2,8/11/2025,
at.atsms.x509,atsms.at,https://atsms.at,x509,,2,9/24/2025,
com.whitewind.blog.entry,whitewind.com,https://whitewind.com,blog,entry,4,8/4/2025,
dev.eagraf.note,eagraf.dev,https://eagraf.dev,note,,4,8/10/2025,
one.two.three,two.one,https://two.one,three,,3,8/28/2025,
sophspots.cool.thing,cool.sophspots,https://cool.sophspots,thing,,4,8/10/2025,
xyz.hyperspace.status,hyperspace.xyz,https://hyperspace.xyz,status,,2,8/30/2025,
tv.rizzler.graph.follow,rizzler.tv,https://rizzler.tv,graph,follow,4,7/23/2025,
com.atproto.label.defs,atproto.com,https://atproto.com,label,defs,4,7/30/2025,
li.plonk.comment,plonk.li,https://plonk.li,comment,,3,8/4/2025,
community.lexicon.location.hthree.history,lexicon.community,https://lexicon.community,location,hthree,2,8/22/2025,
community.lexicon.location.geo,lexicon.community,https://lexicon.community,location,geo,2,8/22/2025,
community.lexicon.location.fsq,lexicon.community,https://lexicon.community,location,fsq,2,8/22/2025,
ar.com.cabildoabierto.profile,com.ar,https://com.ar,cabildoabierto,profile,0,8/24/2025,
blue.feeds.hashtag.follow,feeds.blue,https://feeds.blue,hashtag,follow,3,9/16/2025,
com.thinkhubtest.initiatives.comment,thinkhubtest.com,https://thinkhubtest.com,initiatives,comment,3,8/18/2025,
community.lexicon.location.geo.history,lexicon.community,https://lexicon.community,location,geo,2,8/22/2025,
com.thinkhubtest.initiatives.initiative,thinkhubtest.com,https://thinkhubtest.com,initiatives,initiative,3,8/16/2025,
app.bluvy.favorites,bluvy.app,https://bluvy.app,favorites,,3,8/1/2025,
xyz.flatshcards.stack,flatshcards.xyz,https://flatshcards.xyz,stack,,3,8/7/2025,
net.anisota.game.inventory,anisota.net,https://anisota.net,game,inventory,0,7/28/2025,
test.test.test,test.test,https://test.test,test,,3,9/20/2025,
business.snep.mood,snep.business,https://snep.business,mood,,2,7/24/2025,
community.lexicon.location.address.history,lexicon.community,https://lexicon.community,location,address,2,8/22/2025,
app.protoboard.board,protoboard.app,https://protoboard.app,board,,0,8/13/2025,
dev.fudgeu.experimental.atforumv1.forum.category,fudgeu.dev,https://fudgeu.dev,experimental,atforumv1,3,9/16/2025,
moe.wlo.gallery.image,wlo.moe,https://wlo.moe,gallery,image,3,8/30/2025,
community.lexicon.location.fsq.history,lexicon.community,https://lexicon.community,location,fsq,2,8/22/2025,
community.lexicon.bookmark,lexicon.community,https://lexicon.community,bookmark,,3,8/11/2025,
com.shadowsky.draft,shadowsky.com,https://shadowsky.com,draft,,2,8/16/2025,
com.example.ft.user.profile,example.com,https://example.com,ft,user,2,8/4/2025,
pet.nel.testrecord,nel.pet,https://nel.pet,testrecord,,2,8/21/2025,
community.lexicon.location.hthree,lexicon.community,https://lexicon.community,location,hthree,2,8/22/2025,
community.graph.follow,graph.community,https://graph.community,follow,,3,7/28/2025,
fail.tree.team.membership,tree.fail,https://tree.fail,team,membership,3,8/31/2025,
com.gainforest.testing.something,gainforest.com,https://gainforest.com,testing,something,3,9/22/2025,
blue.protopro.job,protopro.blue,https://protopro.blue,job,,3,9/1/2025,
org.cwonus.pokemon.joinRequest,cwonus.org,https://cwonus.org,pokemon,joinRequest,2,9/13/2025,
app.ocho.edu.verification,ocho.app,https://ocho.app,edu,verification,2,7/23/2025,
app.linkbio.stories,linkbio.app,https://linkbio.app,stories,,3,9/24/2025,
link.pastesphere.snippet,pastesphere.link,https://pastesphere.link,snippet,,3,8/17/2025,
net.aftertheinter.coolthing,aftertheinter.net,https://aftertheinter.net,coolthing,,3,8/11/2025,
app.gather.event,gather.app,https://gather.app,event,,3,8/15/2025,
org.owdproject.desktop,owdproject.org,https://owdproject.org,desktop,,2,8/6/2025,
social.impro.vibeCheck.pass,impro.social,https://impro.social,vibeCheck,pass,1,8/11/2025,
app.pst.structures,pst.app,https://pst.app,structures,,0,8/13/2025,
guide.atproto.experimental.applicationCollection,atproto.guide,https://atproto.guide,experimental,applicationCollection,1,9/17/2025,
site.freakybob.visited,freakybob.site,https://freakybob.site,visited,,2,8/28/2025,
app.truanon.prefs,truanon.app,https://truanon.app,prefs,,2,9/20/2025,
ar.com.cabildoabierto.topic,com.ar,https://com.ar,cabildoabierto,topic,0,8/13/2025,
us.delicio.bookmark,delicio.us,https://delicio.us,bookmark,,2,8/22/2025,
app.raddle.communityMember,raddle.app,https://raddle.app,communityMember,,2,8/21/2025,
foo.atmocms.config.collection,atmocms.foo,https://atmocms.foo,config,collection,1,8/22/2025,
is.sherman.dev.blog.meta,sherman.is,https://sherman.is,dev,blog,1,9/23/2025,
app.basker.stories,basker.app,https://basker.app,stories,,2,9/24/2025,
blue.skymap.geo.map,skymap.blue,https://skymap.blue,geo,map,2,7/27/2025,
sky.write.on.pages,write.sky,https://write.sky,on,pages,2,8/6/2025,
a.bookmark.on.my.pds,bookmark.a,https://bookmark.a,on,my,2,8/9/2025,
app.custom.lolol,custom.app,https://custom.app,lolol,,2,8/26/2025,
uk.ewancroft.snake.score,ewancroft.uk,https://ewancroft.uk,snake,score,2,8/15/2025,
ee.juli.test.post,juli.ee,https://juli.ee,test,post,1,9/22/2025,
at.atproto.supporter.badge,atproto.at,https://atproto.at,supporter,badge,2,8/13/2025,
com.ruthub.kanbans,ruthub.com,https://ruthub.com,kanbans,,2,9/13/2025,
org.cwonus.pokemon.game,cwonus.org,https://cwonus.org,pokemon,game,1,9/13/2025,
net.anisota.graph.list,anisota.net,https://anisota.net,graph,list,2,8/25/2025,
com.example.blobtest,example.com,https://example.com,blobtest,,1,9/17/2025,
test.atproto.blobTest,atproto.test,https://atproto.test,blobTest,,2,8/27/2025,
com.example.atpwg.publicKey,example.com,https://example.com,atpwg,publicKey,2,8/12/2025,
pet.mewsse.link,mewsse.pet,https://mewsse.pet,link,,1,8/8/2025,
sc.nexus.feed.post,nexus.sc,https://nexus.sc,feed,post,2,8/24/2025,
testing.some.collection.records,some.testing,https://some.testing,collection,records,1,9/13/2025,
com.stroam.feed.post,stroam.com,https://stroam.com,feed,post,2,7/21/2025,
com.example.foo.bar,example.com,https://example.com,foo,bar,2,8/13/2025,
dev.mikchan.atfs.bookmark,mikchan.dev,https://mikchan.dev,atfs,bookmark,2,9/18/2025,
com.thinkhubtest.threads.post,thinkhubtest.com,https://thinkhubtest.com,threads,post,2,8/10/2025,
org.caonus.pokemon.joinRequest,caonus.org,https://caonus.org,pokemon,joinRequest,1,9/3/2025,
tree.fail.identity.claim,fail.tree,https://fail.tree,identity,claim,1,8/30/2025,
com.skybemoreblue.intro.request,skybemoreblue.com,https://skybemoreblue.com,intro,request,2,9/15/2025,
app.skywatched.settings,skywatched.app,https://skywatched.app,settings,,0,9/15/2025,
dev.indexx.echo.persona,indexx.dev,https://indexx.dev,echo,persona,1,7/21/2025,
com.inkreaders.article.post,inkreaders.com,https://inkreaders.com,article,post,2,8/23/2025,
xyx.statusphere.status,statusphere.xyx,https://statusphere.xyx,status,,1,9/24/2025,
events.smokesignal.calendar.rsvp,smokesignal.events,https://smokesignal.events,calendar,rsvp,1,7/23/2025,
com.bsky-art-platform.art,bsky-art-platform.com,https://bsky-art-platform.com,art,,1,7/30/2025,
net.mmatt.right.now,mmatt.net,https://mmatt.net,right,now,1,9/11/2025,
app.deepl.profile,deepl.app,https://deepl.app,profile,,1,8/14/2025,
net.aftertheinter.cool.thing,aftertheinter.net,https://aftertheinter.net,cool,thing,1,8/11/2025,
farm.smol.games.eggsweeper.score,smol.farm,https://smol.farm,games,eggsweeper,1,8/3/2025,
app.raddle.community,raddle.app,https://raddle.app,community,,1,8/21/2025,
blue.q-p.network.members,q-p.blue,https://q-p.blue,network,members,1,8/12/2025,
app.lele.flight,lele.app,https://lele.app,flight,,1,8/17/2025,
social.atrena.block,atrena.social,https://atrena.social,block,,1,7/27/2025,
app.pst.player,pst.app,https://pst.app,player,,0,8/13/2025,
app.basker.notes,basker.app,https://basker.app,notes,,1,9/24/2025,
party.whey.ft.forum.definition,whey.party,https://whey.party,ft,forum,1,8/8/2025,
fail.tree.team.profile,tree.fail,https://tree.fail,team,profile,1,8/31/2025,
ai.syui.log,syui.ai,https://syui.ai,log,,1,8/9/2025,
app.kollective.image,kollective.app,https://kollective.app,image,,0,8/13/2025,
ink.henry.annotate.trail,henry.ink,https://henry.ink,annotate,trail,1,9/3/2025,
social.bucket.can.mapping,bucket.social,https://bucket.social,can,mapping,1,8/14/2025,
social.skyfi.cert.client,skyfi.social,https://skyfi.social,cert,client,1,7/27/2025,
app.custom.beeschurger,custom.app,https://custom.app,beeschurger,,1,8/27/2025,
foo.atmocms.config.settings,atmocms.foo,https://atmocms.foo,config,settings,0,8/22/2025,
app.bskygold.actor.meta,bskygold.app,https://bskygold.app,actor,meta,0,8/21/2025,
app.kollective.settings,kollective.app,https://kollective.app,settings,,0,8/13/2025,
dev.fudgeu.experimental.atforumv1.forum.group,fudgeu.dev,https://fudgeu.dev,experimental,atforumv1,1,9/16/2025,
com.basker.stories,basker.com,https://basker.com,stories,,1,9/24/2025,
app.atpaste.paste,atpaste.app,https://atpaste.app,paste,,1,9/24/2025,
xyz.statusphere.linkRating,statusphere.xyz,https://statusphere.xyz,linkRating,,1,8/19/2025,
user.bookmark.feed.public,bookmark.user,https://bookmark.user,feed,public,1,9/14/2025,
community.lexicon.interaction.like,lexicon.community,https://lexicon.community,interaction,like,0,9/15/2025,
app.honks.feed.honk,honks.app,https://honks.app,feed,honk,1,8/26/2025,
dev.aran.test,aran.dev,https://aran.dev,test,,1,8/18/2025,
dev.indexx.papertrail.bookDefs,indexx.dev,https://indexx.dev,papertrail,bookDefs,1,8/4/2025,
social.bsky.burlybelly.hack.website,bsky.social,https://bsky.social,burlybelly,hack,0,8/31/2025,
uk.atproto.bookmark.list,atproto.uk,https://atproto.uk,bookmark,list,1,8/28/2025,
fi.jaennaet.test,jaennaet.fi,https://jaennaet.fi,test,,1,8/8/2025,
net.anisota.graph.listMute,anisota.net,https://anisota.net,graph,listMute,0,9/2/2025,
blue.cerulea.video.video,cerulea.blue,https://cerulea.blue,video,video,1,8/29/2025,
fo.at.links,at.fo,https://at.fo,links,,1,8/27/2025,
social.skyfi.cert.root,skyfi.social,https://skyfi.social,cert,root,1,7/27/2025,
club.symbio.urls,symbio.club,https://symbio.club,urls,,1,8/20/2025,
app.remblue.actor.account,remblue.app,https://remblue.app,actor,account,0,8/21/2025,
app.linkbio.profileNote,linkbio.app,https://linkbio.app,profileNote,,1,9/23/2025,
exchange.recipe.collection,recipe.exchange,https://recipe.exchange,collection,,1,8/17/2025,
app.skeetmoji.collection.item,skeetmoji.app,https://skeetmoji.app,collection,item,0,8/21/2025,
blue.skymap.geo.feature,skymap.blue,https://skymap.blue,geo,feature,0,7/27/2025,
app.gather.group,gather.app,https://gather.app,group,,1,8/15/2025,
app.bskymark.bookmark,bskymark.app,https://bskymark.app,bookmark,,1,7/31/2025,
app.skytube.profile,skytube.app,https://skytube.app,profile,,1,8/19/2025,
app.popfeed.note,popfeed.app,https://popfeed.app,note,,1,8/26/2025,
app.linkbio.notes,linkbio.app,https://linkbio.app,notes,,1,9/24/2025,
com.sparkclips.videoPointer,sparkclips.com,https://sparkclips.com,videoPointer,,1,8/23/2025,
moe.hayden.cookware.recipe,hayden.moe,https://hayden.moe,cookware,recipe,0,9/23/2025,
org.cwonus.pokemon.joinApproval,cwonus.org,https://cwonus.org,pokemon,joinApproval,0,9/13/2025,
ai.numinex.v2.data.linkRecord,numinex.ai,https://numinex.ai,v2,data,1,8/20/2025,
com.bad-example.hello,bad-example.com,https://bad-example.com,hello,,1,8/8/2025,
com.gemmy.favorite.token,gemmy.com,https://gemmy.com,favorite,token,1,8/12/2025,
com.skybemoreblue.intro.rejection,skybemoreblue.com,https://skybemoreblue.com,intro,rejection,1,9/2/2025,
com.example.test.esav,example.com,https://example.com,test,esav,1,8/2/2025,
meow.meow.meow.meow,meow.meow,https://meow.meow,meow,meow,1,9/24/2025,
fm.teal.alpha.actor.profileStatus,teal.fm,https://teal.fm,alpha,actor,1,9/24/2025,
com.gemmy.actor.favoriteToken,gemmy.com,https://gemmy.com,actor,favoriteToken,1,8/12/2025,
com.bibliome.comment,bibliome.com,https://bibliome.com,comment,,1,9/21/2025,
org.atproto-nix.projects,atproto-nix.org,https://atproto-nix.org,projects,,1,9/14/2025,
m1.clj.test,clj.m1,https://clj.m1,test,,1,8/14/2025,
app.gather.groupMembership,gather.app,https://gather.app,groupMembership,,1,8/15/2025,
stream.thought.journal,thought.stream,https://thought.stream,journal,,1,8/23/2025,
com.welistskyblue.list.all,welistskyblue.com,https://welistskyblue.com,list,all,1,9/14/2025,
ar.cabildoabierto.wiki.voteAccept,cabildoabierto.ar,https://cabildoabierto.ar,wiki,voteAccept,1,8/17/2025,
social.popfeed.feed.comment,popfeed.social,https://popfeed.social,feed,comment,1,9/15/2025,
app.gridsky.draft,gridsky.app,https://gridsky.app,draft,,1,9/18/2025,
blue.pfp.unmodifiedPfp,pfp.blue,https://pfp.blue,unmodifiedPfp,,1,8/23/2025,
ink.henry.annotate.mark,henry.ink,https://henry.ink,annotate,mark,1,9/3/2025,
com.example.lexicons,example.com,https://example.com,lexicons,,1,8/10/2025,
app.kollective.profile,kollective.app,https://kollective.app,profile,,0,8/13/2025,
com.retrobrand.photo,retrobrand.com,https://retrobrand.com,photo,,1,8/31/2025,
fm.teal.alpha.play,teal.fm,https://teal.fm,alpha,play,1,9/14/2025,
app.rem.actor.connection,rem.app,https://rem.app,actor,connection,0,8/21/2025,
app.gather.comment,gather.app,https://gather.app,comment,,1,8/15/2025,
app.dropanchor.checkin,dropanchor.app,https://dropanchor.app,checkin,,1,8/9/2025,