domain,namespace,collection
zzzzzzzzzzzzzzzzzzzzzzzzzzzzzzzzzzzzzzzzzzzzzzzzzzzzzzzzzzzz.zzzzzzzzzzzzzzzzzzzzzzzzzzzzzzzzzzzzzzzzzzzzzzzzzzzzzzzzzzzz,zzzzzzzzzzzzzzzzzzzzzzzzzzzzzzzzzzzzzzzzzzzzzzzzzzzzzzzzzzzz.zzzzzzzzzzzzzzzzzzzzzzzzzzzzzzzzzzzzzzzzzzzzzzzzzzzzzzzzzzzz.zzzzzzzzzzzzzzzzzzzzzzzzzzzzzzzzzzzzzzzzzzzzzzzzzzzzzzzzzzzz,zzzzzzzzzzzzzzzzzzzzzzzzzzzzzzzzzzzzzzzzzzzzzzzzzzzzzzzzzzzz.zzzzzzzzzzzzzzzzzzzzzzzzzzzzzzzzzzzzzzzzzzzzzzzzzzzzzzzzzzzz.zzzzzzzzzzzzzzzzzzzzzzzzzzzzzzzzzzzzzzzzzzzzzzzzzzzzzzzzzzzz.zzzzzzzzzzzzzzzzzzzzzzzzzzzzzzzzzzzzzzzzzzzzzzzzzzz
zig.boom,zig.boom.inbox,zig.boom.inbox
xyz.testapp,xyz.testapp.testpost,xyz.testapp.testpost
xyz.tabletop,xyz.tabletop.gameSystem,xyz.tabletop.gameSystem
xyz.statusphere,xyz.statusphere.thought,xyz.statusphere.thought
xyz.statusphere,xyz.statusphere.status,xyz.statusphere.status
xyz.statusphere,xyz.statusphere.private,xyz.statusphere.private.status
xyz.statusphere,xyz.statusphere.private,xyz.statusphere.private.message
xyz.statusphere,xyz.statusphere.private,xyz.statusphere.private.key
xyz.statusphere,xyz.statusphere.pomodoroSession,xyz.statusphere.pomodoroSession
xyz.statusphere,xyz.statusphere.linkRating,xyz.statusphere.linkRating
xyz.statuscity,xyz.statuscity.status,xyz.statuscity.status
xyz.longpost,xyz.longpost.status,xyz.longpost.status
xyz.listen,xyz.listen.fm,xyz.listen.fm
xyz.jeroba,xyz.jeroba.tags,xyz.jeroba.tags.tagged
xyz.jeroba,xyz.jeroba.tags,xyz.jeroba.tags.tag
xyz.jeroba,xyz.jeroba.heartbeat,xyz.jeroba.heartbeat
xyz.j4ck,xyz.j4ck.status,xyz.j4ck.status
xyz.imaginarymachines,xyz.imaginarymachines.trees,xyz.imaginarymachines.trees.tree
xyz.imaginarymachines,xyz.imaginarymachines.lists,xyz.imaginarymachines.lists.listItem
xyz.imaginarymachines,xyz.imaginarymachines.lists,xyz.imaginarymachines.lists.list
xyz.imaginarymachines,xyz.imaginarymachines.infodump,xyz.imaginarymachines.infodump.list
xyz.hypersphere,xyz.hypersphere.status,xyz.hypersphere.status
xyz.groundmist,xyz.groundmist.sync,xyz.groundmist.sync
xyz.groundmist,xyz.groundmist.library,xyz.groundmist.library.content
xyz.flatshcards,xyz.flatshcards.stack,xyz.flatshcards.stack
xyz.byemc,xyz.byemc.byespace,xyz.byemc.byespace.test
xyz.atland,xyz.atland.action,xyz.atland.action
xyz.addmoresphere,xyz.addmoresphere.vertexAssignment,xyz.addmoresphere.vertexAssignment
xxx.statusphere,xxx.statusphere.status,xxx.statusphere.status
x.clacks,x.clacks.overhead,x.clacks.overhead
wtf.oops,wtf.oops.test,wtf.oops.test
wtf.jik,wtf.jik.customNote,wtf.jik.customNote
works.catalog,works.catalog.track,works.catalog.track
works.catalog,works.catalog.scrobble,works.catalog.scrobble
works.catalog,works.catalog.nowPlaying,works.catalog.nowPlaying
works.catalog,works.catalog.artist,works.catalog.artist
works.catalog,works.catalog.album,works.catalog.album
work.doing,work.doing.post,work.doing.post
work.doing,work.doing.person,work.doing.person.resume
work.doing,work.doing.account,work.doing.account
win.tomo-x,win.tomo-x.atunits,win.tomo-x.atunits.unit
web.kaleidoscope,web.kaleidoscope.test,web.kaleidoscope.test
web.kaleidoscope,web.kaleidoscope.auth,web.kaleidoscope.auth.key
vwxyz.statusphere,vwxyz.statusphere.status,vwxyz.statusphere.status
user.bookmark,user.bookmark.feed,user.bookmark.feed.public
us.polhem,us.polhem.blog,us.polhem.blog.post
us.polhem,us.polhem.atproto-starter,us.polhem.atproto-starter.post
us.delicio,us.delicio.bookmark,us.delicio.bookmark
up.you,up.you.give,up.you.give.gonna.never
uk.skyblur,uk.skyblur.preference,uk.skyblur.preference
uk.skyblur,uk.skyblur.post,uk.skyblur.post
uk.ewancroft,uk.ewancroft.snake,uk.ewancroft.snake.score
uk.ewancroft,uk.ewancroft.site,uk.ewancroft.site.info
uk.ewancroft,uk.ewancroft.now,uk.ewancroft.now
uk.atproto,uk.atproto.bookmark,uk.atproto.bookmark.listItem
uk.atproto,uk.atproto.bookmark,uk.atproto.bookmark.list
ufos.are,ufos.are.real,ufos.are.real.sightings
tv.rizzler,tv.rizzler.graph,tv.rizzler.graph.follow
tv.rizzler,tv.rizzler.feed,tv.rizzler.feed.rizzler
tv.rizzler,tv.rizzler.feed,tv.rizzler.feed.repost
tv.rizzler,tv.rizzler.feed,tv.rizzler.feed.post
tv.rizzler,tv.rizzler.feed,tv.rizzler.feed.like
tv.rizzler,tv.rizzler.feed,tv.rizzler.feed.comment
tv.rizzler,tv.rizzler.actor,tv.rizzler.actor.profile
tools.smokesignal,tools.smokesignal.blahg,tools.smokesignal.blahg.content.post
tools.ozone,tools.ozone.team,tools.ozone.team.defs
tools.graze,tools.graze.aip,tools.graze.aip.profile
tools.atp,tools.atp.typing,tools.atp.typing.test
tools.atp,tools.atp.borgle,tools.atp.borgle.play
this.is,this.is.a,this.is.a.test
test2.hypermedia,test2.hypermedia.schema,test2.hypermedia.schema
test.woosh,test.woosh.linkPage,test.woosh.linkPage
test.test,test.test.test,test.test.test
test.hypermedia,test.hypermedia.record,test.hypermedia.record
test.example,test.example.counter,test.example.counter
test.bb,test.bb.statusphere,test.bb.statusphere.status
test.atproto,test.atproto.blobTest,test.atproto.blobTest
tbd.music,tbd.music.track,tbd.music.track
systems.gaze,systems.gaze.barometer,systems.gaze.barometer.state
systems.gaze,systems.gaze.barometer,systems.gaze.barometer.host
systems.gaze,systems.gaze.atfronter,systems.gaze.atfronter.fronter
stream.thought,stream.thought.tool,stream.thought.tool.call
stream.thought,stream.thought.reasoning,stream.thought.reasoning
stream.thought,stream.thought.journal,stream.thought.journal.year
stream.thought,stream.thought.journal,stream.thought.journal.month
stream.thought,stream.thought.journal,stream.thought.journal.day
stream.thought,stream.thought.journal,stream.thought.journal
stream.thought,stream.thought.document,stream.thought.document
stream.thought,stream.thought.blip,stream.thought.blip
stream.thought,stream.thought.ack,stream.thought.ack
st.snowpo,st.snowpo.post,st.snowpo.post
space.swsh,space.swsh.feed,space.swsh.feed.entry
space.roomy,space.roomy.stream,space.roomy.stream.dev.local
space.roomy,space.roomy.stream,space.roomy.stream.dev
space.roomy,space.roomy.image,space.roomy.image
space.polypod,space.polypod.tile,space.polypod.tile
space.essem,space.essem.file,space.essem.file.dir
space.aoisora,space.aoisora.bookmark,space.aoisora.bookmark
sophspots.cool,sophspots.cool.thing,sophspots.cool.thing
some.new,some.new.coll,some.new.coll.here
some.collection,some.collection.to,some.collection.to.test
social.slices,social.slices.slice,social.slices.slice
social.slices,social.slices.lexicon,social.slices.lexicon
social.slices,social.slices.actor,social.slices.actor.profile
social.skywryter,social.skywryter.experimental,social.skywryter.experimental.upvote
social.skywryter,social.skywryter.experimental,social.skywryter.experimental.stratumRegistration
social.skywryter,social.skywryter.experimental,social.skywryter.experimental.stratum
social.skywryter,social.skywryter.experimental,social.skywryter.experimental.post
social.skywryter,social.skywryter.experimental,social.skywryter.experimental.downvote
social.skywryter,social.skywryter.experimental,social.skywryter.experimental.comment
social.skyfi,social.skyfi.x509,social.skyfi.x509
social.skyfi,social.skyfi.wallet,social.skyfi.wallet.xrp
social.skyfi,social.skyfi.wallet,social.skyfi.wallet.solana
social.skyfi,social.skyfi.wallet,social.skyfi.wallet.ethereum
social.skyfi,social.skyfi.cert,social.skyfi.cert.root
social.skyfi,social.skyfi.cert,social.skyfi.cert.client
social.psky,social.psky.chat,social.psky.chat.message
social.psky,social.psky.actor,social.psky.actor.profile
social.popfeed,social.popfeed.feed,social.popfeed.feed.review
social.popfeed,social.popfeed.feed,social.popfeed.feed.post
social.popfeed,social.popfeed.feed,social.popfeed.feed.note
social.popfeed,social.popfeed.feed,social.popfeed.feed.listItem
social.popfeed,social.popfeed.feed,social.popfeed.feed.list
social.popfeed,social.popfeed.feed,social.popfeed.feed.like
social.popfeed,social.popfeed.feed,social.popfeed.feed.comment
social.popfeed,social.popfeed.feed,social.popfeed.feed
social.popfeed,social.popfeed.actor,social.popfeed.actor.profile
social.pmsky,social.pmsky.vote,social.pmsky.vote
social.pmsky,social.pmsky.proposal,social.pmsky.proposal
social.pipup,social.pipup.blog,social.pipup.blog.entry
social.pinksky,social.pinksky.app,social.pinksky.app.preference
social.pinksky,social.pinksky.app,social.pinksky.app.collection
social.impro,social.impro.nodeRegistration,social.impro.nodeRegistration
social.impro,social.impro.managedList,social.impro.managedList
social.impro,social.impro.endorsement,social.impro.endorsement
social.graze,social.graze.feed,social.graze.feed.postitem
social.grain,social.grain.photo,social.grain.photo.exif
social.grain,social.grain.photo,social.grain.photo
social.grain,social.grain.labeler,social.grain.labeler.service
social.grain,social.grain.graph,social.grain.graph.follow
social.grain,social.grain.gallery,social.grain.gallery.item
social.grain,social.grain.gallery,social.grain.gallery
social.grain,social.grain.favorite,social.grain.favorite
social.grain,social.grain.comment,social.grain.comment
social.grain,social.grain.actor,social.grain.actor.profile
social.clippr,social.clippr.feed,social.clippr.feed.tag
social.clippr,social.clippr.feed,social.clippr.feed.clip
social.clippr,social.clippr.actor,social.clippr.actor.profile
social.campsite,social.campsite.post,social.campsite.post
social.bucket,social.bucket.can,social.bucket.can.mapping
social.bsky,social.bsky.oxetone,social.bsky.oxetone.test
social.atrena,social.atrena.block,social.atrena.block
social.atexplore,social.atexplore.verifiers,social.atexplore.verifiers
so.sprk,so.sprk.graph,so.sprk.graph.follow
so.sprk,so.sprk.feed,so.sprk.feed.story
so.sprk,so.sprk.feed,so.sprk.feed.post
so.sprk,so.sprk.feed,so.sprk.feed.like
so.sprk,so.sprk.feed,so.sprk.feed.audio
so.sprk,so.sprk.chat,so.sprk.chat.read
so.sprk,so.sprk.chat,so.sprk.chat.message
so.sprk,so.sprk.actor,so.sprk.actor.profile
smol.farm,smol.farm.games,smol.farm.games.skyrdle.score
smol.farm,smol.farm.games,smol.farm.games.skyrdle.beta.score
skywryter.experimental,skywryter.experimental.deletethis,skywryter.experimental.deletethis
sky.write,sky.write.on,sky.write.on.pages
site.freakybob,site.freakybob.visited,site.freakybob.visited
sh.tngl,sh.tngl.kemonopologist,sh.tngl.kemonopologist.pages.website
sh.tangled,sh.tangled.string,sh.tangled.string
sh.tangled,sh.tangled.spindle,sh.tangled.spindle.member
sh.tangled,sh.tangled.spindle,sh.tangled.spindle
sh.tangled,sh.tangled.repo,sh.tangled.repo.pull.comment
sh.tangled,sh.tangled.repo,sh.tangled.repo.pull
sh.tangled,sh.tangled.repo,sh.tangled.repo.issue.state
sh.tangled,sh.tangled.repo,sh.tangled.repo.issue.comment
sh.tangled,sh.tangled.repo,sh.tangled.repo.issue
sh.tangled,sh.tangled.repo,sh.tangled.repo.collaborator
sh.tangled,sh.tangled.repo,sh.tangled.repo.artifact
sh.tangled,sh.tangled.repo,sh.tangled.repo
sh.tangled,sh.tangled.publicKey,sh.tangled.publicKey
sh.tangled,sh.tangled.label,sh.tangled.label.op
sh.tangled,sh.tangled.label,sh.tangled.label.definition
sh.tangled,sh.tangled.knot,sh.tangled.knot.member
sh.tangled,sh.tangled.knot,sh.tangled.knot
sh.tangled,sh.tangled.graph,sh.tangled.graph.follow
sh.tangled,sh.tangled.feed,sh.tangled.feed.star
sh.tangled,sh.tangled.feed,sh.tangled.feed.reaction
sh.tangled,sh.tangled.actor,sh.tangled.actor.profile
sh.comet,sh.comet.v0,sh.comet.v0.feed.track
sh.comet,sh.comet.v0,sh.comet.v0.feed.repost
sh.comet,sh.comet.v0,sh.comet.v0.feed.playlistTrack
sh.comet,sh.comet.v0,sh.comet.v0.feed.playlist
sh.comet,sh.comet.v0,sh.comet.v0.actor.profile
self.test,self.test.blah,self.test.blah
self.tanglifications,self.tanglifications.state,self.tanglifications.state
self.tanglifications,self.tanglifications.log,self.tanglifications.log
self.dww,self.dww.stats,self.dww.stats
self.atfile,self.atfile.latest,self.atfile.latest
science.pubmed,science.pubmed.dev,science.pubmed.dev.status
sc.nexus,sc.nexus.feed,sc.nexus.feed.post
sc.nexus,sc.nexus.actor,sc.nexus.actor.profile
run.val,run.val.qbat,run.val.qbat.game.v1
red.pinned,red.pinned.concept,red.pinned.concept.rootcollection
red.pinned,red.pinned.concept,red.pinned.concept.collectionmember
red.pinned,red.pinned.concept,red.pinned.concept.collection
red.pinned,red.pinned.concept,red.pinned.concept.bookmark
quest.dis,quest.dis.topic,quest.dis.topic
pub.leaflet,pub.leaflet.publication,pub.leaflet.publication
pub.leaflet,pub.leaflet.graph,pub.leaflet.graph.subscription
pub.leaflet,pub.leaflet.document,pub.leaflet.document
pub.leaflet,pub.leaflet.comment,pub.leaflet.comment
prismatic.review,prismatic.review.id,prismatic.review.id
place.wisp,place.wisp.fs,place.wisp.fs
place.stream,place.stream.server,place.stream.server.settings
place.stream,place.stream.metadata,place.stream.metadata.configuration
place.stream,place.stream.livestream,place.stream.livestream
place.stream,place.stream.key,place.stream.key
place.stream,place.stream.default,place.stream.default.metadata
place.stream,place.stream.chat,place.stream.chat.profile
place.stream,place.stream.chat,place.stream.chat.message
place.stream,place.stream.chat,place.stream.chat.hide
place.stream,place.stream.chat,place.stream.chat.gate
ph.lemuria,ph.lemuria.test,ph.lemuria.test.hi
pfp.updates,pfp.updates.sunny,pfp.updates.sunny
pet.nkp,pet.nkp.file,pet.nkp.file
pet.nel,pet.nel.testrecord,pet.nel.testrecord
pet.being,pet.being.at,pet.being.at.profile
pet.being,pet.being.at,pet.being.at.post
party.whey,party.whey.ft,party.whey.ft.topic.reaction
party.whey,party.whey.ft,party.whey.ft.topic.post
party.whey,party.whey.ft,party.whey.ft.forum.definition
oscar.data,oscar.data.collection,oscar.data.collection
org.xcvr,org.xcvr.lrc,org.xcvr.lrc.signet
org.xcvr,org.xcvr.lrc,org.xcvr.lrc.message
org.xcvr,org.xcvr.feed,org.xcvr.feed.channel
org.xcvr,org.xcvr.actor,org.xcvr.actor.profile
org.user-intents,org.user-intents.demo,org.user-intents.demo.declaration
org.tomandmarna,org.tomandmarna.social,org.tomandmarna.social.experimental.toplevelpost
org.tomandmarna,org.tomandmarna.social,org.tomandmarna.social.experimental.post
org.scrapboard,org.scrapboard.listitem,org.scrapboard.listitem
org.scrapboard,org.scrapboard.list,org.scrapboard.list
org.owdproject,org.owdproject.desktop,org.owdproject.desktop
org.owdproject,org.owdproject.application,org.owdproject.application.windows
org.owdproject,org.owdproject.application,org.owdproject.application.meta
org.owdproject,org.owdproject.application,org.owdproject.application
org.impactindexer,org.impactindexer.status,org.impactindexer.status
org.impactindexer,org.impactindexer.changeRequest,org.impactindexer.changeRequest
org.foo,org.foo.mystuff,org.foo.mystuff.post
org.foo,org.foo.inbox,org.foo.inbox
org.devcon,org.devcon.event,org.devcon.event.vone
org.devcon,org.devcon.event,org.devcon.event.testcache
org.devcon,org.devcon.event,org.devcon.event.test
org.devcon,org.devcon.event,org.devcon.event
org.bluepocket,org.bluepocket.v1,org.bluepocket.v1.saves
org.bluepocket,org.bluepocket.v1,org.bluepocket.v1.save
org.bluepocket,org.bluepocket.v1,org.bluepocket.v1.link
org.bluepocket,org.bluepocket.v1,org.bluepocket.v1.favorite
org.bluepocket,org.bluepocket.v1,org.bluepocket.v1.collection.test
org.bluepocket,org.bluepocket.v1,org.bluepocket.v1.collection.saves
org.bluepocket,org.bluepocket.v1,org.bluepocket.v1.collection
org.bluepocket,org.bluepocket.v1,org.bluepocket.v1.archive
org.bluepocket,org.bluepocket.saves,org.bluepocket.saves
org.atproto-nix,org.atproto-nix.projects,org.atproto-nix.projects
one.youronly,one.youronly.im,one.youronly.im
one.two,one.two.three,one.two.three
one.atpage,one.atpage.page,one.atpage.page
nl.nielsjaspers,nl.nielsjaspers.signalOffer,nl.nielsjaspers.signalOffer
network.slices,network.slices.waitlist,network.slices.waitlist.request
network.slices,network.slices.waitlist,network.slices.waitlist.invite
network.slices,network.slices.slice,network.slices.slice
network.slices,network.slices.lexicon,network.slices.lexicon
network.slices,network.slices.actor,network.slices.actor.profile
network.doing,network.doing.activity,network.doing.activity
network.cosmik,network.cosmik.collectionLink,network.cosmik.collectionLink
network.cosmik,network.cosmik.collection,network.cosmik.collection
network.cosmik,network.cosmik.card,network.cosmik.card
net.nornoe,net.nornoe.avatarArchive,net.nornoe.avatarArchive
net.mmatt,net.mmatt.right,net.mmatt.right.now
net.hrkn,net.hrkn.personas,net.hrkn.personas.bookmark
net.dracoblue,net.dracoblue.poing,net.dracoblue.poing
net.anisota,net.anisota.settings,net.anisota.settings
net.anisota,net.anisota.graph,net.anisota.graph.mute
net.anisota,net.anisota.graph,net.anisota.graph.list
net.anisota,net.anisota.game,net.anisota.game.inventory
net.anisota,net.anisota.feed,net.anisota.feed.repost
net.anisota,net.anisota.feed,net.anisota.feed.post
net.anisota,net.anisota.feed,net.anisota.feed.listItem
net.anisota,net.anisota.feed,net.anisota.feed.list
net.anisota,net.anisota.feed,net.anisota.feed.like
net.anisota,net.anisota.feed,net.anisota.feed.draft
net.anisota,net.anisota.beta,net.anisota.beta.game.specimen
net.anisota,net.anisota.beta,net.anisota.beta.game.session
net.anisota,net.anisota.beta,net.anisota.beta.game.progress
net.anisota,net.anisota.beta,net.anisota.beta.game.pack
net.anisota,net.anisota.beta,net.anisota.beta.game.log
net.anisota,net.anisota.beta,net.anisota.beta.game.inventory
net.anisota,net.anisota.beta,net.anisota.beta.game.dailyRewards
net.anisota,net.anisota.beta,net.anisota.beta.game.collection
net.aftertheinter,net.aftertheinter.coolthingtwo,net.aftertheinter.coolthingtwo
net.aftertheinter,net.aftertheinter.coolthing,net.aftertheinter.coolthing
net.aftertheinter,net.aftertheinter.cool,net.aftertheinter.cool.thing
my.test,my.test.blob,my.test.blob
my.skylights,my.skylights.rel,my.skylights.rel
my.skylights,my.skylights.listItem,my.skylights.listItem
moe.kasey,moe.kasey.meow,moe.kasey.meow
moe.karashiiro,moe.karashiiro.kpaste,moe.karashiiro.kpaste.paste
moe.herrscher,moe.herrscher.elysia,moe.herrscher.elysia.test
moe.herrscher,moe.herrscher.elysia,moe.herrscher.elysia.nsid
moe.hayden,moe.hayden.blogi,moe.hayden.blogi.actor.profile
moe.fanfics,moe.fanfics.works,moe.fanfics.works
meow.meow,meow.meow.meow,meow.meow.meow.meow
me.wilb,me.wilb.test,me.wilb.test.run
me.subsco,me.subsco.sync,me.subsco.sync.subscription
me.skyspace,me.skyspace.content,me.skyspace.content
me.skyspace,me.skyspace.aesthetics,me.skyspace.aesthetics
me.picheta,me.picheta.scorecard,me.picheta.scorecard.rating
me.picheta,me.picheta.scorecard,me.picheta.scorecard.event
me.picheta,me.picheta.imaginarium,me.picheta.imaginarium.listitem
me.picheta,me.picheta.imaginarium,me.picheta.imaginarium.list
me.ngerakines,me.ngerakines.test,me.ngerakines.test
me.mcroberts,me.mcroberts.alex,me.mcroberts.alex.status
me.comind,me.comind.thought,me.comind.thought
me.comind,me.comind.sphere,me.comind.sphere.core
me.comind,me.comind.relationship,me.comind.relationship.sphere
me.comind,me.comind.relationship,me.comind.relationship.link
me.comind,me.comind.relationship,me.comind.relationship.concept
me.comind,me.comind.emotion,me.comind.emotion
me.comind,me.comind.concept,me.comind.concept
me.comind,me.comind.blip,me.comind.blip.thought
me.comind,me.comind.blip,me.comind.blip.emotion
me.comind,me.comind.blip,me.comind.blip.concept
me.atpub,me.atpub.identity,me.atpub.identity.service
me.atpub,me.atpub.identity,me.atpub.identity.claim
love.island,love.island.rsvp,love.island.rsvp
lol.tapapp,lol.tapapp.tap,lol.tapapp.tap.doc
lol.skittr,lol.skittr.actor,lol.skittr.actor.theme
lol.atmo,lol.atmo.link,lol.atmo.link
lol.atmo,lol.atmo.currently,lol.atmo.currently
local.task,local.task.heartbeat,local.task.heartbeat
live.grayhaze,live.grayhaze.interaction,live.grayhaze.interaction.chat
live.grayhaze,live.grayhaze.actor,live.grayhaze.actor.channel
link.pastesphere,link.pastesphere.snippet,link.pastesphere.snippet
link.flo-bit,link.flo-bit.dev,link.flo-bit.dev
life.smol,life.smol.tipJar,life.smol.tipJar
life.smol,life.smol.resume,life.smol.resume
life.smol,life.smol.installed,life.smol.installed
li.plonk,li.plonk.paste,li.plonk.paste
li.plonk,li.plonk.comment,li.plonk.comment
jp.5leaf,jp.5leaf.sync,jp.5leaf.sync.mastodon
is.sherman,is.sherman.dev,is.sherman.dev.article
is.onabus,is.onabus.value,is.onabus.value
is.onabus,is.onabus.status,is.onabus.status
is.dame,is.dame.s,is.dame.s.iphone.okay
is.dame,is.dame.now,is.dame.now
is.dame,is.dame.counting,is.dame.counting.turtles
io.zzstoatzz,io.zzstoatzz.status,io.zzstoatzz.status.record
io.zzstoatzz,io.zzstoatzz.cdn,io.zzstoatzz.cdn.image
io.whiteside,io.whiteside.project,io.whiteside.project
io.whiteside,io.whiteside.linkedAccount,io.whiteside.linkedAccount
io.github,io.github.kylemclean,io.github.kylemclean.scheduler.experimental.storedThread
io.agent,io.agent.keep,io.agent.keep.note
ink.henry,ink.henry.annotate,ink.henry.annotate.trail
ink.henry,ink.henry.annotate,ink.henry.annotate.mark
industries.geesawra,industries.geesawra.website,industries.geesawra.website
industries.geesawra,industries.geesawra.atpage,industries.geesawra.atpage
inc.toronto,inc.toronto.discover,inc.toronto.discover.profile
inc.toronto,inc.toronto.discover,inc.toronto.discover.beta.profile
im.flushing,im.flushing.right,im.flushing.right.now
id.ac,id.ac.ui,id.ac.ui.cs.amanah.donation.money
hello.world,hello.world.record,hello.world.record
guide.atproto,guide.atproto.experimental,guide.atproto.experimental.applicationCollection
guide.atproto,guide.atproto.experimental,guide.atproto.experimental.application
gg.campground,gg.campground.homeServer,gg.campground.homeServer
get.the,get.the.fuck,get.the.fuck.out.of.my.pancake.thread
ge.shadowcaster,ge.shadowcaster.dev2,ge.shadowcaster.dev2.board.crypto.userKeys
ge.shadowcaster,ge.shadowcaster.dev2,ge.shadowcaster.dev2.board.channel.3lzf3x7kwxc2m.notifications
ge.shadowcaster,ge.shadowcaster.dev2,ge.shadowcaster.dev2.board.channel.3lzf3x7kwxc2m.messages
ge.shadowcaster,ge.shadowcaster.dev2,ge.shadowcaster.dev2.board.channel.3lzf3x7kwxc2m.members
ge.shadowcaster,ge.shadowcaster.dev2,ge.shadowcaster.dev2.board.channel.3lzf3a3leuc2m.notifications
ge.shadowcaster,ge.shadowcaster.dev2,ge.shadowcaster.dev2.board.channel.3lzf3a3leuc2m.messages
ge.shadowcaster,ge.shadowcaster.dev2,ge.shadowcaster.dev2.board.channel.3lzf3a3leuc2m.members
ge.shadowcaster,ge.shadowcaster.dev2,ge.shadowcaster.dev2.board.channel.3lzf2jjzms22m.notifications
ge.shadowcaster,ge.shadowcaster.dev2,ge.shadowcaster.dev2.board.channel.3lzf2jjzms22m.messages
ge.shadowcaster,ge.shadowcaster.dev2,ge.shadowcaster.dev2.board.channel.3lzf2jjzms22m.members
ge.shadowcaster,ge.shadowcaster.dev2,ge.shadowcaster.dev2.board.channel.3lzezngxo4k2m.notifications
ge.shadowcaster,ge.shadowcaster.dev2,ge.shadowcaster.dev2.board.channel.3lzezngxo4k2m.messages
ge.shadowcaster,ge.shadowcaster.dev2,ge.shadowcaster.dev2.board.channel.3lzezngxo4k2m.members
ge.shadowcaster,ge.shadowcaster.dev2,ge.shadowcaster.dev2.board.channel.3lzez64wyuk2m.notifications
ge.shadowcaster,ge.shadowcaster.dev2,ge.shadowcaster.dev2.board.channel.3lzez64wyuk2m.members
ge.shadowcaster,ge.shadowcaster.dev2,ge.shadowcaster.dev2.board.channel.3lzexzctzok2m.notifications
ge.shadowcaster,ge.shadowcaster.dev2,ge.shadowcaster.dev2.board.channel.3lzexzctzok2m.members
ge.shadowcaster,ge.shadowcaster.dev2,ge.shadowcaster.dev2.board.channel.3lzewrjgmac2m.notifications
ge.shadowcaster,ge.shadowcaster.dev2,ge.shadowcaster.dev2.board.channel.3lzewrjgmac2m.members
ge.shadowcaster,ge.shadowcaster.dev2,ge.shadowcaster.dev2.board.channel.3lzei6z2g4s2m.notifications
ge.shadowcaster,ge.shadowcaster.dev2,ge.shadowcaster.dev2.board.channel.3lzei6z2g4s2m.messages
ge.shadowcaster,ge.shadowcaster.dev2,ge.shadowcaster.dev2.board.channel.3lzei6z2g4s2m.members
ge.shadowcaster,ge.shadowcaster.dev2,ge.shadowcaster.dev2.board.channel.3lzegqpcubk2m.notifications
ge.shadowcaster,ge.shadowcaster.dev2,ge.shadowcaster.dev2.board.channel.3lzegqpcubk2m.members
ge.shadowcaster,ge.shadowcaster.dev2,ge.shadowcaster.dev2.board.channel.3lzegbqsuus2m.notifications
ge.shadowcaster,ge.shadowcaster.dev2,ge.shadowcaster.dev2.board.channel.3lzegbqsuus2m.members
ge.shadowcaster,ge.shadowcaster.dev2,ge.shadowcaster.dev2.board.channel.3lzefzypu2c2m.notifications
ge.shadowcaster,ge.shadowcaster.dev2,ge.shadowcaster.dev2.board.channel.3lzefzypu2c2m.members
ge.shadowcaster,ge.shadowcaster.dev2,ge.shadowcaster.dev2.board.channel.3lzeesbxp4k2m.notifications
ge.shadowcaster,ge.shadowcaster.dev2,ge.shadowcaster.dev2.board.channel.3lzeesbxp4k2m.members
ge.shadowcaster,ge.shadowcaster.dev2,ge.shadowcaster.dev2.board.channel.3lzecdrwspk2m.notifications
ge.shadowcaster,ge.shadowcaster.dev2,ge.shadowcaster.dev2.board.channel.3lzecdrwspk2m.messages
ge.shadowcaster,ge.shadowcaster.dev2,ge.shadowcaster.dev2.board.channel.3lzecdrwspk2m.members
ge.shadowcaster,ge.shadowcaster.dev2,ge.shadowcaster.dev2.board.channel.3lzcz2md3g22j.notifications
ge.shadowcaster,ge.shadowcaster.dev2,ge.shadowcaster.dev2.board.channel.3lzcz2md3g22j.messages
ge.shadowcaster,ge.shadowcaster.dev2,ge.shadowcaster.dev2.board.channel.3lzcz2md3g22j.members
ge.shadowcaster,ge.shadowcaster.dev2,ge.shadowcaster.dev2.board.channel.3lsdlxjyqlc2a.notifications
ge.shadowcaster,ge.shadowcaster.dev2,ge.shadowcaster.dev2.board.channel.3lsdlxjyqlc2a.messages
ge.shadowcaster,ge.shadowcaster.dev2,ge.shadowcaster.dev2.board.channel.3lsdlxjyqlc2a.members
ge.shadowcaster,ge.shadowcaster.dev2,ge.shadowcaster.dev2.board.channel.3lsdltl5pvs2a.notifications
ge.shadowcaster,ge.shadowcaster.dev2,ge.shadowcaster.dev2.board.channel.3lsdltl5pvs2a.members
ge.shadowcaster,ge.shadowcaster.dev2,ge.shadowcaster.dev2.board.channel.3lrilya5twc2a.notifications
ge.shadowcaster,ge.shadowcaster.dev2,ge.shadowcaster.dev2.board.channel.3lrilya5twc2a.members
ge.shadowcaster,ge.shadowcaster.dev2,ge.shadowcaster.dev2.board.channel.3lrgtizieis2a.notifications
ge.shadowcaster,ge.shadowcaster.dev2,ge.shadowcaster.dev2.board.channel.3lrgtizieis2a.members
ge.shadowcaster,ge.shadowcaster.dev2,ge.shadowcaster.dev2.board.channel.3lqwnqikb7k2a.notifications
ge.shadowcaster,ge.shadowcaster.dev2,ge.shadowcaster.dev2.board.channel.3lqwnqikb7k2a.messages
ge.shadowcaster,ge.shadowcaster.dev2,ge.shadowcaster.dev2.board.channel.3lqwnqikb7k2a.members
ge.shadowcaster,ge.shadowcaster.dev2,ge.shadowcaster.dev2.board.channel.3lqgaysclik2a.notifications
ge.shadowcaster,ge.shadowcaster.dev2,ge.shadowcaster.dev2.board.channel.3lqgaysclik2a.messages
ge.shadowcaster,ge.shadowcaster.dev2,ge.shadowcaster.dev2.board.channel.3lqgaysclik2a.members
ge.shadowcaster,ge.shadowcaster.dev2,ge.shadowcaster.dev2.board.channel.3lqg7cep4bc2a.notifications
ge.shadowcaster,ge.shadowcaster.dev2,ge.shadowcaster.dev2.board.channel.3lqg7cep4bc2a.messages
ge.shadowcaster,ge.shadowcaster.dev2,ge.shadowcaster.dev2.board.channel.3lqg7cep4bc2a.members
ge.shadowcaster,ge.shadowcaster.dev2,ge.shadowcaster.dev2.board.channel.3lqg5wpj4k22a.notifications
ge.shadowcaster,ge.shadowcaster.dev2,ge.shadowcaster.dev2.board.channel.3lqg5wpj4k22a.messages
ge.shadowcaster,ge.shadowcaster.dev2,ge.shadowcaster.dev2.board.channel.3lqg5wpj4k22a.members
ge.shadowcaster,ge.shadowcaster.dev2,ge.shadowcaster.dev2.board.channel.3lqg3mc5tns2a.notifications
ge.shadowcaster,ge.shadowcaster.dev2,ge.shadowcaster.dev2.board.channel.3lqg3mc5tns2a.messages
ge.shadowcaster,ge.shadowcaster.dev2,ge.shadowcaster.dev2.board.channel.3lqg3mc5tns2a.members
ge.shadowcaster,ge.shadowcaster.dev2,ge.shadowcaster.dev2.board.channel.3lqfyq3jta22a.notifications
ge.shadowcaster,ge.shadowcaster.dev2,ge.shadowcaster.dev2.board.channel.3lqfyq3jta22a.members
ge.shadowcaster,ge.shadowcaster.dev2,ge.shadowcaster.dev2.board.channel.3lqfhrmptfk2a.notifications
ge.shadowcaster,ge.shadowcaster.dev2,ge.shadowcaster.dev2.board.channel.3lqfhrmptfk2a.messages
ge.shadowcaster,ge.shadowcaster.dev2,ge.shadowcaster.dev2.board.channel.3lqfhrmptfk2a.members
ge.shadowcaster,ge.shadowcaster.dev2,ge.shadowcaster.dev2.board.channel.3lqfdwbqdic2a.notifications
ge.shadowcaster,ge.shadowcaster.dev2,ge.shadowcaster.dev2.board.channel.3lqfdwbqdic2a.messages
ge.shadowcaster,ge.shadowcaster.dev2,ge.shadowcaster.dev2.board.channel.3lqfdwbqdic2a.members
ge.shadowcaster,ge.shadowcaster.dev2,ge.shadowcaster.dev2.board.channel.3lqd6ovwikc2h.notifications
ge.shadowcaster,ge.shadowcaster.dev2,ge.shadowcaster.dev2.board.channel.3lqd6ovwikc2h.members
ge.shadowcaster,ge.shadowcaster.dev2,ge.shadowcaster.dev2.board.channel.3lqd4njbvec2h.notifications
ge.shadowcaster,ge.shadowcaster.dev2,ge.shadowcaster.dev2.board.channel.3lqd4njbvec2h.messages
ge.shadowcaster,ge.shadowcaster.dev2,ge.shadowcaster.dev2.board.channel.3lqd4njbvec2h.members
ge.shadowcaster,ge.shadowcaster.dev2,ge.shadowcaster.dev2.board.channel
ge.shadowcaster,ge.shadowcaster.dev,ge.shadowcaster.dev.board.channel.3lqcup3tue22h.notifications
ge.shadowcaster,ge.shadowcaster.dev,ge.shadowcaster.dev.board.channel.3lqcup3tue22h.members
ge.shadowcaster,ge.shadowcaster.dev,ge.shadowcaster.dev.board.channel.3lqcruvjxcc2h.notifications
ge.shadowcaster,ge.shadowcaster.dev,ge.shadowcaster.dev.board.channel.3lqcruvjxcc2h.messages
ge.shadowcaster,ge.shadowcaster.dev,ge.shadowcaster.dev.board.channel.3lqcruvjxcc2h.members
ge.shadowcaster,ge.shadowcaster.dev,ge.shadowcaster.dev.board.channel.3lqcpxusml22h.notifications
ge.shadowcaster,ge.shadowcaster.dev,ge.shadowcaster.dev.board.channel.3lqcpxusml22h.messages
ge.shadowcaster,ge.shadowcaster.dev,ge.shadowcaster.dev.board.channel.3lqcpxusml22h.members
ge.shadowcaster,ge.shadowcaster.dev,ge.shadowcaster.dev.board.channel.3lqcowfxwfc2h.notifications
ge.shadowcaster,ge.shadowcaster.dev,ge.shadowcaster.dev.board.channel.3lqcowfxwfc2h.messages
ge.shadowcaster,ge.shadowcaster.dev,ge.shadowcaster.dev.board.channel.3lqcowfxwfc2h.members
ge.shadowcaster,ge.shadowcaster.dev,ge.shadowcaster.dev.board.channel.3lqcowb53cs2h.notifications
ge.shadowcaster,ge.shadowcaster.dev,ge.shadowcaster.dev.board.channel.3lqcowb53cs2h.members
ge.shadowcaster,ge.shadowcaster.dev,ge.shadowcaster.dev.board.channel.3lqcnxfgm3k2h.notifications
ge.shadowcaster,ge.shadowcaster.dev,ge.shadowcaster.dev.board.channel.3lqcnxfgm3k2h.messages
ge.shadowcaster,ge.shadowcaster.dev,ge.shadowcaster.dev.board.channel.3lqcnxfgm3k2h.members
ge.shadowcaster,ge.shadowcaster.dev,ge.shadowcaster.dev.board.channel.3lqcm2qazfc2h.notifications
ge.shadowcaster,ge.shadowcaster.dev,ge.shadowcaster.dev.board.channel.3lqcm2qazfc2h.messages
ge.shadowcaster,ge.shadowcaster.dev,ge.shadowcaster.dev.board.channel.3lqcm2qazfc2h.members
ge.shadowcaster,ge.shadowcaster.dev,ge.shadowcaster.dev.board.channel.3lqckundin22h.notifications
ge.shadowcaster,ge.shadowcaster.dev,ge.shadowcaster.dev.board.channel.3lqckundin22h.messages
ge.shadowcaster,ge.shadowcaster.dev,ge.shadowcaster.dev.board.channel.3lqckundin22h.members
ge.shadowcaster,ge.shadowcaster.dev,ge.shadowcaster.dev.board.channel.3lqckiof6ws2h.notifications
ge.shadowcaster,ge.shadowcaster.dev,ge.shadowcaster.dev.board.channel.3lqckiof6ws2h.messages
ge.shadowcaster,ge.shadowcaster.dev,ge.shadowcaster.dev.board.channel.3lqckiof6ws2h.members
ge.shadowcaster,ge.shadowcaster.dev,ge.shadowcaster.dev.board.channel.3lqcjw3eysk2h.notifications
ge.shadowcaster,ge.shadowcaster.dev,ge.shadowcaster.dev.board.channel.3lqcjw3eysk2h.messages
ge.shadowcaster,ge.shadowcaster.dev,ge.shadowcaster.dev.board.channel.3lqcjw3eysk2h.members
ge.shadowcaster,ge.shadowcaster.dev,ge.shadowcaster.dev.board.channel.3lqcjfteavk2h.notifications
ge.shadowcaster,ge.shadowcaster.dev,ge.shadowcaster.dev.board.channel.3lqcjfteavk2h.members
ge.shadowcaster,ge.shadowcaster.dev,ge.shadowcaster.dev.board.channel.3lqcjcslo3c2h.notifications
ge.shadowcaster,ge.shadowcaster.dev,ge.shadowcaster.dev.board.channel.3lqcjcslo3c2h.messages
ge.shadowcaster,ge.shadowcaster.dev,ge.shadowcaster.dev.board.channel.3lqcjcslo3c2h.members
ge.shadowcaster,ge.shadowcaster.dev,ge.shadowcaster.dev.board.channel.3lqcijcsuks2h.notifications
ge.shadowcaster,ge.shadowcaster.dev,ge.shadowcaster.dev.board.channel.3lqcijcsuks2h.messages
ge.shadowcaster,ge.shadowcaster.dev,ge.shadowcaster.dev.board.channel.3lqcijcsuks2h.members
ge.shadowcaster,ge.shadowcaster.dev,ge.shadowcaster.dev.board.channel.3lpek5bvug22x.notifications
ge.shadowcaster,ge.shadowcaster.dev,ge.shadowcaster.dev.board.channel.3lpek5bvug22x.members
ge.shadowcaster,ge.shadowcaster.dev,ge.shadowcaster.dev.board.channel.3lnwrz46t2k2e.notifications
ge.shadowcaster,ge.shadowcaster.dev,ge.shadowcaster.dev.board.channel.3lnwrz46t2k2e.members
ge.shadowcaster,ge.shadowcaster.dev,ge.shadowcaster.dev.board.channel.3lnutvibivk2e.notifications
ge.shadowcaster,ge.shadowcaster.dev,ge.shadowcaster.dev.board.channel.3lnutvibivk2e.messages
ge.shadowcaster,ge.shadowcaster.dev,ge.shadowcaster.dev.board.channel.3lnutvibivk2e.members
ge.shadowcaster,ge.shadowcaster.dev,ge.shadowcaster.dev.board.channel.3lgpkhmss2k2x.notifications
ge.shadowcaster,ge.shadowcaster.dev,ge.shadowcaster.dev.board.channel.3lgpkhmss2k2x.members
ge.shadowcaster,ge.shadowcaster.dev,ge.shadowcaster.dev.board.channel.3lgll4xbckc2x.notifications
ge.shadowcaster,ge.shadowcaster.dev,ge.shadowcaster.dev.board.channel.3lgll4xbckc2x.messages
ge.shadowcaster,ge.shadowcaster.dev,ge.shadowcaster.dev.board.channel.3lgll4xbckc2x.members
ge.shadowcaster,ge.shadowcaster.dev,ge.shadowcaster.dev.board.channel.3lglkzsg4zc2x.notifications
ge.shadowcaster,ge.shadowcaster.dev,ge.shadowcaster.dev.board.channel.3lglkzsg4zc2x.messages
ge.shadowcaster,ge.shadowcaster.dev,ge.shadowcaster.dev.board.channel.3lglkzsg4zc2x.members
ge.shadowcaster,ge.shadowcaster.dev,ge.shadowcaster.dev.board.channel.3lglkxj3edk2x.notifications
ge.shadowcaster,ge.shadowcaster.dev,ge.shadowcaster.dev.board.channel.3lglkxj3edk2x.messages
ge.shadowcaster,ge.shadowcaster.dev,ge.shadowcaster.dev.board.channel.3lglkxj3edk2x.members
ge.shadowcaster,ge.shadowcaster.dev,ge.shadowcaster.dev.board.channel.3lglkunnkec2x.notifications
ge.shadowcaster,ge.shadowcaster.dev,ge.shadowcaster.dev.board.channel.3lglkunnkec2x.members
ge.shadowcaster,ge.shadowcaster.dev,ge.shadowcaster.dev.board.channel.3lglksg5y7k2x.notifications
ge.shadowcaster,ge.shadowcaster.dev,ge.shadowcaster.dev.board.channel.3lglksg5y7k2x.members
ge.shadowcaster,ge.shadowcaster.dev,ge.shadowcaster.dev.board.channel.3lglgfp25us2x.notifications
ge.shadowcaster,ge.shadowcaster.dev,ge.shadowcaster.dev.board.channel.3lglgfp25us2x.members
ge.shadowcaster,ge.shadowcaster.dev,ge.shadowcaster.dev.board.channel
games.atproto,games.atproto.dev,games.atproto.dev.chess.game
game.protonauts,game.protonauts.structures,game.protonauts.structures
game.protonauts,game.protonauts.player,game.protonauts.player
game.protonauts,game.protonauts.inventory,game.protonauts.inventory
game.protonauts,game.protonauts.friends,game.protonauts.friends
game.protonauts,game.protonauts.currency,game.protonauts.currency
game.protonauts,game.protonauts.critters,game.protonauts.critters
game.protonauts,game.protonauts.battle,game.protonauts.battle.challenge
fyi.unravel,fyi.unravel.frontpage,fyi.unravel.frontpage.vote
fyi.unravel,fyi.unravel.frontpage,fyi.unravel.frontpage.post
fyi.unravel,fyi.unravel.frontpage,fyi.unravel.frontpage.comment
fyi.frontpage,fyi.frontpage.dev,fyi.frontpage.dev.blog.meta
fyi.bluelinks,fyi.bluelinks.links,fyi.bluelinks.links
foo.bar,foo.bar.inbox,foo.bar.inbox
fo.at,fo.at.links,fo.at.links
fm.teal,fm.teal.alpha,fm.teal.alpha.play
fm.teal,fm.teal.alpha,fm.teal.alpha.feed.play
fm.teal,fm.teal.alpha,fm.teal.alpha.actor.status
fm.teal,fm.teal.alpha,fm.teal.alpha.actor.profileStatus
fm.teal,fm.teal.alpha,fm.teal.alpha.actor.profile
final.test,final.test.before,final.test.before.launch
fi.jaennaet,fi.jaennaet.test,fi.jaennaet.test
farm.source,farm.source.review,farm.source.review
farm.smol,farm.smol.games,farm.smol.games.skyrdle.score
farm.smol,farm.smol.games,farm.smol.games.skyrdle.player.score
farm.smol,farm.smol.games,farm.smol.games.skyrdle.beta8.score
farm.smol,farm.smol.games,farm.smol.games.skyrdle.beta7.score
farm.smol,farm.smol.games,farm.smol.games.skyrdle.beta6.score
farm.smol,farm.smol.games,farm.smol.games.skyrdle.beta5.score
farm.smol,farm.smol.games,farm.smol.games.skyrdle.beta4.score
farm.smol,farm.smol.games,farm.smol.games.skyrdle.beta3.score
farm.smol,farm.smol.games,farm.smol.games.skyrdle.beta2.score
farm.smol,farm.smol.games,farm.smol.games.skyrdle.beta1.score
farm.smol,farm.smol.games,farm.smol.games.skyrdle.beta.score
farm.smol,farm.smol.games,farm.smol.games.skyrdle.beta.guesses
farm.smol,farm.smol.games,farm.smol.games.eggsweeper.score
fail.tree,fail.tree.team,fail.tree.team.profile
fail.tree,fail.tree.team,fail.tree.team.membership
fail.tree,fail.tree.identity,fail.tree.identity.claim
exchange.recipe,exchange.recipe.recipe,exchange.recipe.recipe
exchange.recipe,exchange.recipe.profile,exchange.recipe.profile
exchange.recipe,exchange.recipe.collection,exchange.recipe.collection
events.smokesignal,events.smokesignal.calendar,events.smokesignal.calendar.rsvp
events.smokesignal,events.smokesignal.calendar,events.smokesignal.calendar.event
events.smokesignal,events.smokesignal.app,events.smokesignal.app.profile
epic.very,epic.very.swag,epic.very.swag
dev.starfall,dev.starfall.rss,dev.starfall.rss.star
dev.skywell,dev.skywell.file,dev.skywell.file
dev.regnault,dev.regnault.webfishing,dev.regnault.webfishing.fish
dev.pouch,dev.pouch.bookmark,dev.pouch.bookmark
dev.pages,dev.pages.updowndraft,dev.pages.updowndraft.feed.post
dev.pages,dev.pages.updowndraft,dev.pages.updowndraft.feed.comment.id5ccce7cb693494c9b651fdfe5171344
dev.pages,dev.pages.updowndraft,dev.pages.updowndraft.feed.comment.ia0dda79c9fb24c7fa2ed1733b25093f0
dev.pages,dev.pages.updowndraft,dev.pages.updowndraft.feed.comment.i47421dcf90f540339d1c284b8acf11a5
dev.pages,dev.pages.updowndraft,dev.pages.updowndraft.feed.comment.i269f1d8502034e33a3f7ca6fd11b946a
dev.pages,dev.pages.updowndraft,dev.pages.updowndraft.feed.comment.i142ca63af743403ea2b17c5cc5ba3fb3
dev.ocbwoy3,dev.ocbwoy3.sns,dev.ocbwoy3.sns.customMetadata
dev.ocbwoy3,dev.ocbwoy3.chan,dev.ocbwoy3.chan.post
dev.ocbwoy3,dev.ocbwoy3.chan,dev.ocbwoy3.chan.board
dev.ocbwoy3,dev.ocbwoy3.blueboard,dev.ocbwoy3.blueboard.board
dev.mikchan,dev.mikchan.atfs,dev.mikchan.atfs.data
dev.mikchan,dev.mikchan.atfs,dev.mikchan.atfs.bookmark
dev.jakestout,dev.jakestout.atguilds,dev.jakestout.atguilds.guildMemberClaim
dev.jakestout,dev.jakestout.atguilds,dev.jakestout.atguilds.guild
dev.indexx,dev.indexx.papertrail,dev.indexx.papertrail.bookDefs
dev.indexx,dev.indexx.papertrail,dev.indexx.papertrail.book
dev.indexx,dev.indexx.echo,dev.indexx.echo.threadmute
dev.fudgeu,dev.fudgeu.experimental,dev.fudgeu.experimental.atforumv1.forum.identity
dev.fudgeu,dev.fudgeu.experimental,dev.fudgeu.experimental.atforumv1.forum.group
dev.fudgeu,dev.fudgeu.experimental,dev.fudgeu.experimental.atforumv1.forum.category
dev.fudgeu,dev.fudgeu.experimental,dev.fudgeu.experimental.atforumv1.feed.post
dev.fly,dev.fly.bffbasic,dev.fly.bffbasic.profile
dev.flo-bit,dev.flo-bit.theme,dev.flo-bit.theme
dev.flo-bit,dev.flo-bit.test,dev.flo-bit.test
dev.flo-bit,dev.flo-bit.social,dev.flo-bit.social
dev.flo-bit,dev.flo-bit.links,dev.flo-bit.links
dev.flo-bit,dev.flo-bit.head,dev.flo-bit.head
dev.flo-bit,dev.flo-bit.blog,dev.flo-bit.blog.entry
dev.flo-bit,dev.flo-bit.blog,dev.flo-bit.blog
dev.flo-bit,dev.flo-bit.about,dev.flo-bit.about
dev.eagraf,dev.eagraf.note,dev.eagraf.note
dev.dreary,dev.dreary.renpy,dev.dreary.renpy.project
dev.dreary,dev.dreary.renpy,dev.dreary.renpy.asset
dev.dreary,dev.dreary.anilist,dev.dreary.anilist.media
dev.bpavuk,dev.bpavuk.bookmarques,dev.bpavuk.bookmarques.bookmark
dev.blebbit,dev.blebbit.test,dev.blebbit.test.record
dev.baileytownsend,dev.baileytownsend.test,dev.baileytownsend.test
dev.baileytownsend,dev.baileytownsend.retrospective,dev.baileytownsend.retrospective.day
dev.baileytownsend,dev.baileytownsend.health,dev.baileytownsend.health.workout
dev.baileytownsend,dev.baileytownsend.health,dev.baileytownsend.health.steps
dev.baileytownsend,dev.baileytownsend.health,dev.baileytownsend.health.rings
dev.baileytownsend,dev.baileytownsend.health,dev.baileytownsend.health.calories
dev.baileytownsend,dev.baileytownsend.dev,dev.baileytownsend.dev
dev.atcities,dev.atcities.route,dev.atcities.route
dev.at-studio,dev.at-studio.test,dev.at-studio.test.xrpc.request
dev.at-studio,dev.at-studio.test,dev.at-studio.test.xrpc.collection
dev.aran,dev.aran.test,dev.aran.test
de.oersphere,de.oersphere.resource,de.oersphere.resource
cum.bsky,cum.bsky.actor,cum.bsky.actor.declaration
community.lexicon,community.lexicon.reviews,community.lexicon.reviews.review
community.lexicon,community.lexicon.location,community.lexicon.location.hthree.history
community.lexicon,community.lexicon.location,community.lexicon.location.hthree
community.lexicon,community.lexicon.location,community.lexicon.location.geo.history
community.lexicon,community.lexicon.location,community.lexicon.location.geo
community.lexicon,community.lexicon.location,community.lexicon.location.fsq.history
community.lexicon,community.lexicon.location,community.lexicon.location.fsq
community.lexicon,community.lexicon.location,community.lexicon.location.address.history
community.lexicon,community.lexicon.location,community.lexicon.location.address
community.lexicon,community.lexicon.interaction,community.lexicon.interaction.like
community.lexicon,community.lexicon.calendar,community.lexicon.calendar.rsvp.local
community.lexicon,community.lexicon.calendar,community.lexicon.calendar.rsvp
community.lexicon,community.lexicon.calendar,community.lexicon.calendar.event
community.lexicon,community.lexicon.calendar,community.lexicon.calendar.comment
community.lexicon,community.lexicon.bookmarks,community.lexicon.bookmarks.bookmark
community.lexicon,community.lexicon.bookmark,community.lexicon.bookmark
community.lexicon,community.lexicon.badge,community.lexicon.badge.definition
community.lexicon,community.lexicon.badge,community.lexicon.badge.award
community.lexicon,community.lexicon.atpublish,community.lexicon.atpublish.mdpost
community.graph,community.graph.follow,community.graph.follow
community.atprotocol,community.atprotocol.geomarker,community.atprotocol.geomarker.marker
com.xherocv,com.xherocv.feed,com.xherocv.feed.post
com.xherocv,com.xherocv.actor,com.xherocv.actor.profile
com.wowpowchow,com.wowpowchow.post,com.wowpowchow.post
com.whtwnd,com.whtwnd.blog,com.whtwnd.blog.entry
com.whitewind,com.whitewind.blog,com.whitewind.blog.entry
com.welistskyblue,com.welistskyblue.list,com.welistskyblue.list.like
com.welistskyblue,com.welistskyblue.list,com.welistskyblue.list.item
com.welistskyblue,com.welistskyblue.list,com.welistskyblue.list.congrats
com.welistskyblue,com.welistskyblue.list,com.welistskyblue.list.comment
com.welistskyblue,com.welistskyblue.list,com.welistskyblue.list.collection
com.welistskyblue,com.welistskyblue.list,com.welistskyblue.list.all
com.wamellow,com.wamellow.bridge,com.wamellow.bridge.discord
com.vwousu,com.vwousu.feed,com.vwousu.feed.post
com.vwousu,com.vwousu.feed,com.vwousu.feed.generator
com.twitter,com.twitter.feed,com.twitter.feed.tweet
com.thinkhubtest,com.thinkhubtest.userKeys,com.thinkhubtest.userKeys
com.thinkhubtest,com.thinkhubtest.threads,com.thinkhubtest.threads.vault
com.thinkhubtest,com.thinkhubtest.threads,com.thinkhubtest.threads.upvote
com.thinkhubtest,com.thinkhubtest.threads,com.thinkhubtest.threads.privateComment
com.thinkhubtest,com.thinkhubtest.threads,com.thinkhubtest.threads.private
com.thinkhubtest,com.thinkhubtest.threads,com.thinkhubtest.threads.post
com.thinkhubtest,com.thinkhubtest.threads,com.thinkhubtest.threads.downvote
com.thinkhubtest,com.thinkhubtest.threads,com.thinkhubtest.threads.comment
com.thinkhubtest,com.thinkhubtest.projects,com.thinkhubtest.projects.task
com.thinkhubtest,com.thinkhubtest.projects,com.thinkhubtest.projects.project
com.thinkhubtest,com.thinkhubtest.initiatives,com.thinkhubtest.initiatives.task
com.thinkhubtest,com.thinkhubtest.initiatives,com.thinkhubtest.initiatives.settings
com.thinkhubtest,com.thinkhubtest.initiatives,com.thinkhubtest.initiatives.initiative
com.thinkhubtest,com.thinkhubtest.initiatives,com.thinkhubtest.initiatives.comment
com.thinkhubtest,com.thinkhubtest.auth,com.thinkhubtest.auth.mxid
com.stroam,com.stroam.feed,com.stroam.feed.repost
com.stroam,com.stroam.feed,com.stroam.feed.post
com.stroam,com.stroam.feed,com.stroam.feed.like
com.socialapp,com.socialapp.status,com.socialapp.status
com.skybemoreblue,com.skybemoreblue.social,com.skybemoreblue.social.intro.rejection
com.skybemoreblue,com.skybemoreblue.intro,com.skybemoreblue.intro.request
com.skybemoreblue,com.skybemoreblue.intro,com.skybemoreblue.intro.rejection
com.skybemoreblue,com.skybemoreblue.intro,com.skybemoreblue.intro.introduction
com.shinolabs,com.shinolabs.pinksea,com.shinolabs.pinksea.profile
com.shinolabs,com.shinolabs.pinksea,com.shinolabs.pinksea.preferences
com.shinolabs,com.shinolabs.pinksea,com.shinolabs.pinksea.oekaki
com.shadowsky,com.shadowsky.preferences,com.shadowsky.preferences
com.shadowsky,com.shadowsky.draft,com.shadowsky.draft
com.shadowsky,com.shadowsky.columns,com.shadowsky.columns
com.shadowsky,com.shadowsky.column,com.shadowsky.column
com.shadowsky,com.shadowsky.bookmarks,com.shadowsky.bookmarks
com.shadowsky,com.shadowsky.bookmark,com.shadowsky.bookmark
com.scorecard,com.scorecard.rating,com.scorecard.rating
com.scorecard,com.scorecard.event,com.scorecard.event
com.ruthub,com.ruthub.track,com.ruthub.track
com.ruthub,com.ruthub.kanbans,com.ruthub.kanbans
com.ruthub,com.ruthub.kanban,com.ruthub.kanban
com.ruthub,com.ruthub.item,com.ruthub.item.reviews
com.ruthub,com.ruthub.item,com.ruthub.item
com.ruthub,com.ruthub.entry,com.ruthub.entry
com.retrobrand,com.retrobrand.photo,com.retrobrand.photo
com.redhat,com.redhat.grub,com.redhat.grub.menu.entry
com.r74n,com.r74n.at,com.r74n.at.one
com.r74n,com.r74n.at,com.r74n.at.idscheme
com.r74n,com.r74n.at,com.r74n.at.entity
com.puklipo,com.puklipo.statusphere,com.puklipo.statusphere.status
com.protruth,com.protruth.feed,com.protruth.feed.postLink
com.protruth,com.protruth.feed,com.protruth.feed.post
com.omni-index,com.omni-index.comment,com.omni-index.comment.like
com.omni-index,com.omni-index.comment,com.omni-index.comment
com.newdin,com.newdin.storyline,com.newdin.storyline
com.newdin,com.newdin.story,com.newdin.story
com.newdin,com.newdin.read,com.newdin.read.thread
com.newdin,com.newdin.chap,com.newdin.chap
com.mygame,com.mygame.action,com.mygame.action
com.myeventapp,com.myeventapp.events,com.myeventapp.events.event
com.marketplace,com.marketplace.listing,com.marketplace.listing
com.manikineko,com.manikineko.message,com.manikineko.message
com.macroblog,com.macroblog.blog,com.macroblog.blog.post
com.lukeacl,com.lukeacl.development,com.lukeacl.development.blobs
com.lukeacl,com.lukeacl.bot,com.lukeacl.bot.animal.assignment
com.lfs-pds,com.lfs-pds.pointer,com.lfs-pds.pointer
com.lfs-pds,com.lfs-pds.host,com.lfs-pds.host
com.inkreaders,com.inkreaders.exercise,com.inkreaders.exercise.post
com.inkreaders,com.inkreaders.book,com.inkreaders.book.post
com.inkreaders,com.inkreaders.article,com.inkreaders.article.post
com.imlunahey,com.imlunahey.pdf,com.imlunahey.pdf
com.hypercert,com.hypercert.walletPasskeyTest,com.hypercert.walletPasskeyTest
com.hypercert,com.hypercert.walletAttestationTest,com.hypercert.walletAttestationTest
com.hypercert,com.hypercert.impactclaim,com.hypercert.impactclaim
com.hukoubook,com.hukoubook.ebtp,com.hukoubook.ebtp.gate
com.habitat,com.habitat.docs,com.habitat.docs
com.gnuterrypratchett,com.gnuterrypratchett.clacksoverhead,com.gnuterrypratchett.clacksoverhead
com.gitlogger,com.gitlogger.git,com.gitlogger.git.log
com.germnetwork,com.germnetwork.keypackage,com.germnetwork.keypackage
com.gemmy,com.gemmy.favorite,com.gemmy.favorite.token
com.gemmy,com.gemmy.actor,com.gemmy.actor.favoriteToken
com.gainforest,com.gainforest.testing,com.gainforest.testing.something
com.fujocoded,com.fujocoded.guestbook,com.fujocoded.guestbook.submission
com.fujocoded,com.fujocoded.guestbook,com.fujocoded.guestbook.gate
com.fujocoded,com.fujocoded.guestbook,com.fujocoded.guestbook.book
com.flash,com.flash.board,com.flash.board
com.fadeecho,com.fadeecho.status,com.fadeecho.status
com.fadeecho,com.fadeecho.loggedIn,com.fadeecho.loggedIn
com.example,com.example.todo,com.example.todo
com.example,com.example.test,com.example.test.esav
com.example,com.example.test,com.example.test
com.example,com.example.status,com.example.status
com.example,com.example.record,com.example.record
com.example,com.example.marketplace,com.example.marketplace.listing
com.example,com.example.lexicons,com.example.lexicons
com.example,com.example.ft,com.example.ft.user.profile
com.example,com.example.ft,com.example.ft.topic.reaction
com.example,com.example.ft,com.example.ft.topic.post
com.example,com.example.ft,com.example.ft.forum.definition
com.example,com.example.foo,com.example.foo.bar
com.example,com.example.feed,com.example.feed.post
com.example,com.example.atpwg,com.example.atpwg.publicKey
com.example,com.example.atpub,com.example.atpub.object
com.example,com.example.atpub,com.example.atpub.actor
com.example,com.example.atpub,com.example.atpub.activity.create
com.example,com.example.atpub,com.example.atpub.activity
com.dtm,com.dtm.handle,com.dtm.handle.request
com.dtm,com.dtm.handle,com.dtm.handle.provision
com.crabdance,com.crabdance.nandi,com.crabdance.nandi.post
com.concord,com.concord.chat,com.concord.chat.message
com.cityboundforest,com.cityboundforest.blog,com.cityboundforest.blog
com.chatapp,com.chatapp.server,com.chatapp.server.profile
com.bsky-art-platform,com.bsky-art-platform.art,com.bsky-art-platform.art
com.blonk,com.blonk.vibeMember,com.blonk.vibeMember
com.blonk,com.blonk.vibe,com.blonk.vibe
com.blonk,com.blonk.post,com.blonk.post
com.blonk,com.blonk.blip,com.blonk.blip
com.bibliome,com.bibliome.comment,com.bibliome.comment
com.bibliome,com.bibliome.bookshelf,com.bibliome.bookshelf
com.bibliome,com.bibliome.book,com.bibliome.book
com.bazaarvoice,com.bazaarvoice.reviews,com.bazaarvoice.reviews
com.bazaarvoice,com.bazaarvoice.review,com.bazaarvoice.review
com.basker,com.basker.stories,com.basker.stories
com.bad-example,com.bad-example.hello,com.bad-example.hello.world
com.bad-example,com.bad-example.hello,com.bad-example.hello
com.atweet,com.atweet.twit,com.atweet.twit
com.atproto,com.atproto.repo,com.atproto.repo.follow
com.atproto,com.atproto.message,com.atproto.message.def
com.atproto,com.atproto.like,com.atproto.like
com.atproto,com.atproto.lexicon,com.atproto.lexicon.schema
com.atproto,com.atproto.label,com.atproto.label.label
com.atproto,com.atproto.label,com.atproto.label.defs
com.atproto,com.atproto.channel,com.atproto.channel.def
com.atprofile,com.atprofile.beta,com.atprofile.beta.profile
com.alephcubed,com.alephcubed.starmark,com.alephcubed.starmark.review
coffee.outof,coffee.outof.beanPost,coffee.outof.beanPost
codes.advent,codes.advent.challenge,codes.advent.challenge.day
co.ypak,co.ypak.crypt,co.ypak.crypt.publickey
club.symbio,club.symbio.urls,club.symbio.urls
club.stellz,club.stellz.lexicon,club.stellz.lexicon.store.purchaseType
club.stellz,club.stellz.lexicon,club.stellz.lexicon.store.purchaseIntent
club.stellz,club.stellz.lexicon,club.stellz.lexicon.store.purchaseConfirmation
club.stellz,club.stellz.lexicon,club.stellz.lexicon.evm.transactionHash
club.stellz,club.stellz.lexicon,club.stellz.lexicon.evm.address
club.stellz,club.stellz.evm,club.stellz.evm.currency
club.stellz,club.stellz.evm,club.stellz.evm.addressControl
club.feeed,club.feeed.submission,club.feeed.submission
cloud.soundsky,cloud.soundsky.audio,cloud.soundsky.audio.social
cloud.soundsky,cloud.soundsky.audio,cloud.soundsky.audio
cloud.blueskryb,cloud.blueskryb.book,cloud.blueskryb.book
click.tny,click.tny.attny,click.tny.attny.image
chat.rubyrooms,chat.rubyrooms.comment,chat.rubyrooms.comment
chat.roomy,chat.roomy.v0,chat.roomy.v0.videos
chat.roomy,chat.roomy.v0,chat.roomy.v0.videoEmbeds
chat.roomy,chat.roomy.v0,chat.roomy.v0.images
chat.roomy,chat.roomy.profile,chat.roomy.profile
chat.roomy,chat.roomy.jazz,chat.roomy.jazz.catalog
chat.roomy,chat.roomy.01JPNX7AA9BSM6TY2GWW1TR5V7,chat.roomy.01JPNX7AA9BSM6TY2GWW1TR5V7.catalog
chat.flock,chat.flock.experimental,chat.flock.experimental.message
chat.flock,chat.flock.experimental,chat.flock.experimental.customview
chat.bsky,chat.bsky.actor,chat.bsky.actor.declaration
cat.kasey,cat.kasey.moe,cat.kasey.moe.meow
buzz.bookhive,buzz.bookhive.buzz,buzz.bookhive.buzz
buzz.bookhive,buzz.bookhive.book,buzz.bookhive.book
business.snep,business.snep.mood,business.snep.mood
business.snep,business.snep.fursona,business.snep.fursona
bsky.app,bsky.app.bsky,bsky.app.bsky.feed.post
bsky.app,bsky.app.bookmark,bsky.app.bookmark.bookmark
blue.zio,blue.zio.bsky2tg,blue.zio.bsky2tg.post
blue.zio,blue.zio.bsky2tg,blue.zio.bsky2tg.alias
blue.zio,blue.zio.atfile,blue.zio.atfile.upload
blue.tape,blue.tape.tape,blue.tape.tape
blue.subs,blue.subs.subscribe,blue.subs.subscribe
blue.subs,blue.subs.channels,blue.subs.channels
blue.snippet,blue.snippet.code,blue.snippet.code
blue.skymap,blue.skymap.geo,blue.skymap.geo.map
blue.skymap,blue.skymap.geo,blue.skymap.geo.feature.tag
blue.rito,blue.rito.service,blue.rito.service.schema
blue.rito,blue.rito.feed,blue.rito.feed.like
blue.rito,blue.rito.feed,blue.rito.feed.bookmark
blue.q-p,blue.q-p.network,blue.q-p.network.members
blue.protopro,blue.protopro.org,blue.protopro.org.member
blue.protopro,blue.protopro.job,blue.protopro.job
blue.protopro,blue.protopro.actor,blue.protopro.actor.profile
blue.place,blue.place.pixel,blue.place.pixel
blue.pfp,blue.pfp.unmodifiedPfp,blue.pfp.unmodifiedPfp
blue.moji,blue.moji.collection,blue.moji.collection.item
blue.linkat,blue.linkat.test,blue.linkat.test.board
blue.linkat,blue.linkat.board,blue.linkat.board
blue.imgs,blue.imgs.blup,blue.imgs.blup.image
blue.flashes,blue.flashes.feed,blue.flashes.feed.post
blue.flashes,blue.flashes.actor,blue.flashes.actor.profile
blue.flashes,blue.flashes.actor,blue.flashes.actor.portfolio
blue.flashes,blue.flashes.actor,blue.flashes.actor.mediaFilter
blue.feeds,blue.feeds.hashtag,blue.feeds.hashtag.follow
blue.cerulea,blue.cerulea.video,blue.cerulea.video.video
blue.badge,blue.badge.collection,blue.badge.collection
blue.atplane,blue.atplane.favClient,blue.atplane.favClient
blue.atoybox,blue.atoybox.item,blue.atoybox.item
blue.2048,blue.2048.player,blue.2048.player.stats
blue.2048,blue.2048.player,blue.2048.player.profile
blue.2048,blue.2048.game,blue.2048.game
blog.vortext,blog.vortext.entry,blog.vortext.entry
blog.pckt,blog.pckt.publication,blog.pckt.publication
blog.pckt,blog.pckt.post,blog.pckt.post
best.akizuki,best.akizuki.blahglegacy,best.akizuki.blahglegacy.post
beauty.piss,beauty.piss.blog,beauty.piss.blog.index
beauty.piss,beauty.piss.blog,beauty.piss.blog.entry
beauty.cybernetic,beauty.cybernetic.trustcow,beauty.cybernetic.trustcow.transaction
atbooru.dragon,atbooru.dragon.gal,atbooru.dragon.gal.test
at.noted,at.noted.link,at.noted.link
at.atsms,at.atsms.x509,at.atsms.x509
at.atproto,at.atproto.supporter,at.atproto.supporter.badge
at.atproto,at.atproto.actor,at.atproto.actor.profile
art.spacebread,art.spacebread.easteregg,art.spacebread.easteregg
ar.com,ar.com.cabildoabierto,ar.com.cabildoabierto.topic.vote
ar.com,ar.com.cabildoabierto,ar.com.cabildoabierto.topic
ar.com,ar.com.cabildoabierto,ar.com.cabildoabierto.quotePost
ar.com,ar.com.cabildoabierto,ar.com.cabildoabierto.profile
ar.com,ar.com.cabildoabierto,ar.com.cabildoabierto.enDiscusion
ar.cabildoabierto,ar.cabildoabierto.wiki,ar.cabildoabierto.wiki.voteReject
ar.cabildoabierto,ar.cabildoabierto.wiki,ar.cabildoabierto.wiki.voteAccept
ar.cabildoabierto,ar.cabildoabierto.wiki,ar.cabildoabierto.wiki.vote
ar.cabildoabierto,ar.cabildoabierto.wiki,ar.cabildoabierto.wiki.topicVersion
ar.cabildoabierto,ar.cabildoabierto.feed,ar.cabildoabierto.feed.article
ar.cabildoabierto,ar.cabildoabierto.data,ar.cabildoabierto.data.dataset
ar.cabildoabierto,ar.cabildoabierto.article,ar.cabildoabierto.article
ar.cabildoabierto,ar.cabildoabierto.actor,ar.cabildoabierto.actor.caProfile
app.yoten,app.yoten.graph,app.yoten.graph.follow
app.yoten,app.yoten.feed,app.yoten.feed.session
app.yoten,app.yoten.feed,app.yoten.feed.resource
app.yoten,app.yoten.feed,app.yoten.feed.reaction
app.yoten,app.yoten.feed,app.yoten.feed.comment
app.yoten,app.yoten.actor,app.yoten.actor.profile
app.yoten,app.yoten.activity,app.yoten.activity.def
app.yoou,app.yoou.post,app.yoou.post
app.yoou,app.yoou.likeReceived,app.yoou.likeReceived
app.yoou,app.yoou.like,app.yoou.like
app.yoou,app.yoou.follow,app.yoou.follow
app.yoou,app.yoou.commentReceived,app.yoou.commentReceived
app.yoou,app.yoou.comment,app.yoou.comment
app.winesky,app.winesky.wineScan,app.winesky.wineScan
app.winesky,app.winesky.feed,app.winesky.feed.scan
app.vercel,app.vercel.dekoboko,app.vercel.dekoboko.quest
app.vercel,app.vercel.dekoboko,app.vercel.dekoboko.post
app.truanon,app.truanon.prefs,app.truanon.prefs
app.truanon,app.truanon.label,app.truanon.label
app.thereandthen,app.thereandthen.friendSet,app.thereandthen.friendSet
app.tcg,app.tcg.card,app.tcg.card
app.sussurro,app.sussurro.post,app.sussurro.post
app.sussurro,app.sussurro.keys,app.sussurro.keys
app.sussurro,app.sussurro.friendKey,app.sussurro.friendKey
app.sonasky,app.sonasky.ref,app.sonasky.ref
app.social,app.social.post,app.social.post.plus
app.skywatched,app.skywatched.settings,app.skywatched.settings
app.skytube,app.skytube.video,app.skytube.video.save
app.skytube,app.skytube.profile,app.skytube.profile
app.skytube,app.skytube.graph,app.skytube.graph.favorite
app.skyart,app.skyart.preferences,app.skyart.preferences
app.skyart,app.skyart.post,app.skyart.post
app.skyart,app.skyart.like,app.skyart.like
app.skyart,app.skyart.follow,app.skyart.follow
app.skyart,app.skyart.comment,app.skyart.comment
app.shadowsky,app.shadowsky.preferences,app.shadowsky.preferences
app.scout,app.scout.site,app.scout.site
app.rot,app.rot.feed,app.rot.feed.post
app.rocksky,app.rocksky.song,app.rocksky.song
app.rocksky,app.rocksky.shout,app.rocksky.shout
app.rocksky,app.rocksky.scrobble,app.rocksky.scrobble
app.rocksky,app.rocksky.like,app.rocksky.like
app.rocksky,app.rocksky.artist,app.rocksky.artist
app.rocksky,app.rocksky.album,app.rocksky.album
app.raddle,app.raddle.communityMember,app.raddle.communityMember
app.raddle,app.raddle.community,app.raddle.community
app.purplespace,app.purplespace.graph,app.purplespace.graph.follow
app.purplespace,app.purplespace.graph,app.purplespace.graph.block
app.purplespace,app.purplespace.feed,app.purplespace.feed.repost
app.purplespace,app.purplespace.feed,app.purplespace.feed.post
app.purplespace,app.purplespace.feed,app.purplespace.feed.like
app.purplespace,app.purplespace.feed,app.purplespace.feed.generator
app.purplespace,app.purplespace.actor,app.purplespace.actor.profile
app.pst,app.pst.structures,app.pst.structures
app.pst,app.pst.player,app.pst.player
app.popsky,app.popsky.review,app.popsky.review
app.popsky,app.popsky.profile,app.popsky.profile
app.popsky,app.popsky.post,app.popsky.post
app.popsky,app.popsky.listItem,app.popsky.listItem
app.popsky,app.popsky.list,app.popsky.list
app.popsky,app.popsky.like,app.popsky.like
app.popsky,app.popsky.creativeWorkLike,app.popsky.creativeWorkLike
app.popsky,app.popsky.comment,app.popsky.comment
app.popfeed,app.popfeed.note,app.popfeed.note
app.ocho,app.ocho.status,app.ocho.status
app.ocho,app.ocho.state,app.ocho.state.id
app.ocho,app.ocho.plugin,app.ocho.plugin.service
app.ocho,app.ocho.plugin,app.ocho.plugin.manifest
app.ocho,app.ocho.plugin,app.ocho.plugin.code
app.ocho,app.ocho.plugin,app.ocho.plugin.assets
app.ocho,app.ocho.payment,app.ocho.payment.intent
app.ocho,app.ocho.edu,app.ocho.edu.verification
app.netlify,app.netlify.aniblue,app.netlify.aniblue.status
app.navyfragen,app.navyfragen.message,app.navyfragen.message
app.myclient,app.myclient.bookmark,app.myclient.bookmark
app.musicscrobbler,app.musicscrobbler.scrobble,app.musicscrobbler.scrobble
app.mnk,app.mnk.message,app.mnk.message
app.mcp,app.mcp.server,app.mcp.server
app.linkbio,app.linkbio.stories,app.linkbio.stories
app.linkbio,app.linkbio.settings,app.linkbio.settings
app.linkbio,app.linkbio.profileNote,app.linkbio.profileNote
app.linkbio,app.linkbio.profileCustomization,app.linkbio.profileCustomization
app.linkbio,app.linkbio.notes,app.linkbio.notes
app.linkbio,app.linkbio.links,app.linkbio.links
app.linkbio,app.linkbio.link,app.linkbio.link
app.lele,app.lele.flight,app.lele.flight
app.koda,app.koda.graph,app.koda.graph.follow
app.koda,app.koda.feed,app.koda.feed.repost
app.koda,app.koda.feed,app.koda.feed.replyvote
app.koda,app.koda.feed,app.koda.feed.post.reply
app.koda,app.koda.feed,app.koda.feed.post
app.koda,app.koda.feed,app.koda.feed.like
app.koda,app.koda.feed,app.koda.feed.blog
app.knira,app.knira.actor,app.knira.actor.profile
app.juttu,app.juttu.blogpost,app.juttu.blogpost
app.hyper-limit,app.hyper-limit.bookmark,app.hyper-limit.bookmark.list
app.hyper-limit,app.hyper-limit.bookmark,app.hyper-limit.bookmark
app.honks,app.honks.feed,app.honks.feed.honk
app.gridsky,app.gridsky.preferences,app.gridsky.preferences
app.gridsky,app.gridsky.grid,app.gridsky.grid
app.gridsky,app.gridsky.draft,app.gridsky.draft
app.gather,app.gather.rsvp,app.gather.rsvp
app.gather,app.gather.groupMembership,app.gather.groupMembership
app.gather,app.gather.group,app.gather.group
app.gather,app.gather.event,app.gather.event
app.gather,app.gather.comment,app.gather.comment
app.gainforest,app.gainforest.profile,app.gainforest.profile
app.gainforest,app.gainforest.organization,app.gainforest.organization.tags
app.gainforest,app.gainforest.organization,app.gainforest.organization.registry
app.gainforest,app.gainforest.organization,app.gainforest.organization.metrics
app.gainforest,app.gainforest.organization,app.gainforest.organization.links
app.gainforest,app.gainforest.organization,app.gainforest.organization.info
app.gainforest,app.gainforest.organization,app.gainforest.organization.defaultSite
app.gainforest,app.gainforest.community,app.gainforest.community
app.fooodz,app.fooodz.review,app.fooodz.review
app.flashes,app.flashes.feed,app.flashes.feed.post
app.eny,app.eny.feed,app.eny.feed.views
app.eny,app.eny.feed,app.eny.feed.interests
app.eg,app.eg.status,app.eg.status
app.echosky,app.echosky.board,app.echosky.board.thread
app.echosky,app.echosky.board,app.echosky.board.reaction
app.echosky,app.echosky.board,app.echosky.board.post
app.echosky,app.echosky.board,app.echosky.board.info
app.dropanchor,app.dropanchor.checkin,app.dropanchor.checkin
app.dekoboko,app.dekoboko.quest,app.dekoboko.quest.participation
app.dekoboko,app.dekoboko.post,app.dekoboko.post
app.deepl,app.deepl.profile,app.deepl.profile
app.custom,app.custom.lolol,app.custom.lolol
app.custom,app.custom.beeschurger,app.custom.beeschurger
app.bskymark,app.bskymark.bookmark,app.bskymark.bookmark
app.bsky,app.bsky.system,app.bsky.system.lexicon
app.bsky,app.bsky.saved,app.bsky.saved
app.bsky,app.bsky.reaction,app.bsky.reaction.like
app.bsky,app.bsky.notification,app.bsky.notification.declaration
app.bsky,app.bsky.labeler,app.bsky.labeler.service
app.bsky,app.bsky.jerry,app.bsky.jerry.no
app.bsky,app.bsky.graph,app.bsky.graph.verification
app.bsky,app.bsky.graph,app.bsky.graph.unfollow
app.bsky,app.bsky.graph,app.bsky.graph.starterpack
app.bsky,app.bsky.graph,app.bsky.graph.schema
app.bsky,app.bsky.graph,app.bsky.graph.mute
app.bsky,app.bsky.graph,app.bsky.graph.listitem
app.bsky,app.bsky.graph,app.bsky.graph.listblock
app.bsky,app.bsky.graph,app.bsky.graph.list.item
app.bsky,app.bsky.graph,app.bsky.graph.list
app.bsky,app.bsky.graph,app.bsky.graph.fuck
app.bsky,app.bsky.graph,app.bsky.graph.follow
app.bsky,app.bsky.graph,app.bsky.graph.cancellation
app.bsky,app.bsky.graph,app.bsky.graph.block
app.bsky,app.bsky.feed,app.bsky.feed.watch
app.bsky,app.bsky.feed,app.bsky.feed.video
app.bsky,app.bsky.feed,app.bsky.feed.unlike
app.bsky,app.bsky.feed,app.bsky.feed.threadgate
app.bsky,app.bsky.feed,app.bsky.feed.superlike
app.bsky,app.bsky.feed,app.bsky.feed.submission
app.bsky,app.bsky.feed,app.bsky.feed.settings
app.bsky,app.bsky.feed,app.bsky.feed.saved
app.bsky,app.bsky.feed,app.bsky.feed.repost
app.bsky,app.bsky.feed,app.bsky.feed.postss
app.bsky,app.bsky.feed,app.bsky.feed.postgate
app.bsky,app.bsky.feed,app.bsky.feed.postSettings
app.bsky,app.bsky.feed,app.bsky.feed.post.shit
app.bsky,app.bsky.feed,app.bsky.feed.post
app.bsky,app.bsky.feed,app.bsky.feed.pin
app.bsky,app.bsky.feed,app.bsky.feed.mdpost
app.bsky,app.bsky.feed,app.bsky.feed.like.delete
app.bsky,app.bsky.feed,app.bsky.feed.like
app.bsky,app.bsky.feed,app.bsky.feed.generator
app.bsky,app.bsky.feed,app.bsky.feed.dislike
app.bsky,app.bsky.feed,app.bsky.feed.deleteLike
app.bsky,app.bsky.feed,app.bsky.feed.defs
app.bsky,app.bsky.feed,app.bsky.feed.comment
app.bsky,app.bsky.feed,app.bsky.feed.bookmark
app.bsky,app.bsky.feed,app.bsky.feed.block
app.bsky,app.bsky.favorite,app.bsky.favorite.token
app.bsky,app.bsky.convo,app.bsky.convo.message
app.bsky,app.bsky.bookmark,app.bsky.bookmark.post
app.bsky,app.bsky.bookmark,app.bsky.bookmark.createBookmark
app.bsky,app.bsky.bookmark,app.bsky.bookmark
app.bsky,app.bsky.actor,app.bsky.actor.status
app.bsky,app.bsky.actor,app.bsky.actor.profile
app.bsky,app.bsky.actor,app.bsky.actor.favoriteToken
app.bsky,app.bsky.actor,app.bsky.actor
app.boshi,app.boshi.feed,app.boshi.feed.post
app.bluvy,app.bluvy.favorites,app.bluvy.favorites
app.bksy,app.bksy.graph,app.bksy.graph.listitem
app.bikesky,app.bikesky.communityBot,app.bikesky.communityBot.commandPrompt
app.bigmoves,app.bigmoves.gallery,app.bigmoves.gallery
app.basker,app.basker.widgets,app.basker.widgets
app.basker,app.basker.stories,app.basker.stories
app.basker,app.basker.settings,app.basker.settings
app.basker,app.basker.notes,app.basker.notes
app.basker,app.basker.links,app.basker.links
app.azsky,app.azsky.feed,app.azsky.feed.longpost
app.atyo,app.atyo.ping,app.atyo.ping
app.atyo,app.atyo.actor,app.atyo.actor.profile
app.atsocial,app.atsocial.group,app.atsocial.group.post
app.atsocial,app.atsocial.group,app.atsocial.group.membership
app.atsocial,app.atsocial.group,app.atsocial.group.comment
app.atsocial,app.atsocial.group,app.atsocial.group
app.atprotomkt,app.atprotomkt.marketplace,app.atprotomkt.marketplace.listing
app.atpaste,app.atpaste.paste,app.atpaste.paste
app.at-transfer,app.at-transfer.signaloffer,app.at-transfer.signaloffer
app.annos,app.annos.annotationTemplate,app.annos.annotationTemplate
app.annos,app.annos.annotationField,app.annos.annotationField
app.annos,app.annos.annotation,app.annos.annotation
ai.syui,ai.syui.log,ai.syui.log.chat
ai.syui,ai.syui.log,ai.syui.log
ai.syui,ai.syui.game,ai.syui.game
ai.numinex,ai.numinex.v2,ai.numinex.v2.data.textFragment
ai.numinex,ai.numinex.v2,ai.numinex.v2.data.prompt
ai.numinex,ai.numinex.v2,ai.numinex.v2.data.post
ai.numinex,ai.numinex.v2,ai.numinex.v2.data.linkRecord
ai.numinex,ai.numinex.post,ai.numinex.post
ai.hypgen,ai.hypgen.subgraph,ai.hypgen.subgraph
ai.hypgen,ai.hypgen.reaction,ai.hypgen.reaction
ai.hypgen,ai.hypgen.hypothesis,ai.hypgen.hypothesis
ai.card,ai.card.box,ai.card.box
aaaaaaaaaaaaaaaaaaaaaaaaaaaaaaaaaaaaaaaaaaaaaaaaaaaaaaaaaaaaaaa.aaaaaaaaaaaaaaaaaaaaaaaaaaaaaaaaaaaaaaaaaaaaaaaaaaaaaaaaaaaaaaa,aaaaaaaaaaaaaaaaaaaaaaaaaaaaaaaaaaaaaaaaaaaaaaaaaaaaaaaaaaaaaaa.aaaaaaaaaaaaaaaaaaaaaaaaaaaaaaaaaaaaaaaaaaaaaaaaaaaaaaaaaaaaaaa.aaaaaaaaaaaaaaaaaaaaaaaaaaaaaaaaaaaaaaaaaaaaaaaaaaaaaaaaaaaaaaa,aaaaaaaaaaaaaaaaaaaaaaaaaaaaaaaaaaaaaaaaaaaaaaaaaaaaaaaaaaaaaaa.aaaaaaaaaaaaaaaaaaaaaaaaaaaaaaaaaaaaaaaaaaaaaaaaaaaaaaaaaaaaaaa.aaaaaaaaaaaaaaaaaaaaaaaaaaaaaaaaaaaaaaaaaaaaaaaaaaaaaaaaaaaaaaa.aaaaaaaaaaaaaaaaaaaaaaaaaaaaaaaaaaaaaaaaaaaaaaaaaa
aaaaaaaaaaaaaaaaaaaaaaaaaaaaaaaaaaaaaaaaaaaaaaaaaaaaaaaaaaaaaaa.aaaaaaaaaaaaaaaaaaaaaaaaaaaaaaaaaaaaaaaaaaaaaaaaaaaaaaaaaaaaaaa,aaaaaaaaaaaaaaaaaaaaaaaaaaaaaaaaaaaaaaaaaaaaaaaaaaaaaaaaaaaaaaa.aaaaaaaaaaaaaaaaaaaaaaaaaaaaaaaaaaaaaaaaaaaaaaaaaaaaaaaaaaaaaaa.aaaaaaaaaaaaaaaaaaaaaaaaaaaaaaaaaaaaaaaaaaaaaaaaaaaaaaaaaaaaa,aaaaaaaaaaaaaaaaaaaaaaaaaaaaaaaaaaaaaaaaaaaaaaaaaaaaaaaaaaaaaaa.aaaaaaaaaaaaaaaaaaaaaaaaaaaaaaaaaaaaaaaaaaaaaaaaaaaaaaaaaaaaaaa.aaaaaaaaaaaaaaaaaaaaaaaaaaaaaaaaaaaaaaaaaaaaaaaaaaaaaaaaaaaaa
a.welcome,a.welcome.message,a.welcome.message.for.my.pds
a.welcome,a.welcome.message,a.welcome.message
a.status,a.status.update,a.status.update
a.status,a.status.actor,a.status.actor.profile
a.note,a.note.on,a.note.on.my.pds
a.index,a.index.hello,a.index.hello
a.guestbook,a.guestbook.i,a.guestbook.i.signed
a.guestbook,a.guestbook.for,a.guestbook.for.my.pds
a.bookmark,a.bookmark.on,a.bookmark.on.my.pds
a-a.bb,a-a.bb.cc,a-a.bb.cc.dd.ee.ff
a--a.new,a--a.new.kind,a--a.new.kind.of.atprotocol.record.viewer.coming.soon
a---a.totallynotseth,a---a.totallynotseth.dev,a---a.totallynotseth.dev.was.here
a----a.consider,a----a.consider.this,a----a.consider.this
a-----a.i,a-----a.i.was,a-----a.i.was.here.earlier
a------a.check,a------a.check.out,a------a.check.out.atproto.at
a-------a.check,a-------a.check.out,a-------a.check.out.at.wormhole.mosphere.at
a--------------------------------------a.a-a,a--------------------------------------a.a-a.shoutout,a--------------------------------------a.a-a.shoutout.king.von
a-------------------------------------------------------------a.check,a-------------------------------------------------------------a.check.out,a-------------------------------------------------------------a.check.out.atproto.at
a-------------------------------------------------------------a.a-------------------------------------------------------------a,a-------------------------------------------------------------a.a-------------------------------------------------------------a.a------------------------------------------------------------a,a-------------------------------------------------------------a.a-------------------------------------------------------------a.a------------------------------------------------------------a.atprotoata
a-------------------------------------------------------------a.a-------------------------------------------------------------a,a-------------------------------------------------------------a.a-------------------------------------------------------------a.a-------------------------------------------------------------a,a-------------------------------------------------------------a.a-------------------------------------------------------------a.a-------------------------------------------------------------a.aaaaaaaaaaaaaaaaaaaaaaaaaaaaaaaaaaaaaaaaaaaaaaaaaa
a-------------------------------------------------------------0.plums,a-------------------------------------------------------------0.plums.0012-and,a-------------------------------------------------------------0.plums.0012-and.so.cold
a-------------------------------------------------------------0.plums,a-------------------------------------------------------------0.plums.0011-so,a-------------------------------------------------------------0.plums.0011-so.sweet
a-------------------------------------------------------------0.plums,a-------------------------------------------------------------0.plums.0010-they,a-------------------------------------------------------------0.plums.0010-they.were.delicious
a-------------------------------------------------------------0.plums,a-------------------------------------------------------------0.plums.0009-Forgive,a-------------------------------------------------------------0.plums.0009-Forgive.me
a-------------------------------------------------------------0.plums,a-------------------------------------------------------------0.plums.0008-for,a-------------------------------------------------------------0.plums.0008-for.breakfast
a-------------------------------------------------------------0.plums,a-------------------------------------------------------------0.plums.0007-saving,a-------------------------------------------------------------0.plums.0007-saving.ah
a-------------------------------------------------------------0.plums,a-------------------------------------------------------------0.plums.0006-you,a-------------------------------------------------------------0.plums.0006-you.were.probably
a-------------------------------------------------------------0.plums,a-------------------------------------------------------------0.plums.0005-and,a-------------------------------------------------------------0.plums.0005-and.which
a-------------------------------------------------------------0.plums,a-------------------------------------------------------------0.plums.0004-the,a-------------------------------------------------------------0.plums.0004-the.icebox
a-------------------------------------------------------------0.plums,a-------------------------------------------------------------0.plums.0003-that,a-------------------------------------------------------------0.plums.0003-that.were.in
a-------------------------------------------------------------0.plums,a-------------------------------------------------------------0.plums.0002-the,a-------------------------------------------------------------0.plums.0002-the.plums
a-------------------------------------------------------------0.plums,a-------------------------------------------------------------0.plums.0001-I,a-------------------------------------------------------------0.plums.0001-I.have.eaten
a-------------------------------------------------------------0.keep,a-------------------------------------------------------------0.keep.going,a-------------------------------------------------------------0.keep.going
a-------------------------------------------------------------0.a-------------------------------------------------------------0,a-------------------------------------------------------------0.a-------------------------------------------------------------0.a-------------------------------------------------------------0,a-------------------------------------------------------------0.a-------------------------------------------------------------0.a-------------------------------------------------------------0.aaaaaaaaaaaaaaaaaaaaaaaaaaaaaaaaaaaaaaaaaaaaaaaaa0
a-------------------------------------------------------------0.a-------------------------------------------------------------0,a-------------------------------------------------------------0.a-------------------------------------------------------------0.a-------------------------------------------------------------0,a-------------------------------------------------------------0.a-------------------------------------------------------------0.a-------------------------------------------------------------0.a0000000000000000000000000000000000000000000000000
a-------------------------------------------------------------0.0-------------------------------------------------------------0,a-------------------------------------------------------------0.0-------------------------------------------------------------0.0-------------------------------------------------------------0,a-------------------------------------------------------------0.0-------------------------------------------------------------0.0-------------------------------------------------------------0.a0000000000000000000000000000000000000000000000000
a-------------------------------------------------------------0.0-------------------------------------------------------------0,a-------------------------------------------------------------0.0-------------------------------------------------------------0.0-------------------------------------------------------------0,a-------------------------------------------------------------0.0-------------------------------------------------------------0.0-------------------------------------------------------------0.A0000000000000000000000000000000000000000000000000
a-------------------------------------------------------------0.0-------------------------------------------------------------0,a-------------------------------------------------------------0.0-------------------------------------------------------------0.0-------------------------------------------------------------0,a-------------------------------------------------------------0.0-------------------------------------------------------------0.0-------------------------------------------------------------0.0----------------------------------------------0.A
a-------------------------------------------------------------0.0,a-------------------------------------------------------------0.0.A,a-------------------------------------------------------------0.0.A